D,E,F,G,D_new,E_new,F_new,G_new,new_active_compartments,observed_allocation
D:2,E:1 E:2,F:1 F:3,G:2,17,36,29,17,99,1
D:2,E:1 E:2,F:1 G:2,F:3,17,36,29,21,103,0
D:2,E:1 E:2,F:3 G:2,F:1,17,36,32,19,104,0
D:2,E:1 F:1,E:2 F:3,G:2,17,38,33,17,105,0
D:2,E:1 F:1,E:2 G:2,F:3,17,38,33,21,109,0
D:2,E:1 F:1,F:3 G:2,E:2,17,38,32,21,108,0
D:2,E:1 F:3,E:2 F:1,G:2,17,41,31,17,106,0
D:2,E:1 F:3,E:2 G:2,F:1,17,41,33,19,110,0
D:2,E:1 F:3,F:1 G:2,E:2,17,41,29,21,108,0
D:2,E:1 G:2,E:2 F:1,F:3,17,36,31,21,105,0
D:2,E:1 G:2,E:2 F:3,F:1,17,36,33,19,105,0
D:2,E:1 G:2,F:1 F:3,E:2,17,36,29,21,103,0
D:2,E:2 F:1,E:1 F:3,G:2,17,42,30,17,106,0
D:2,E:2 F:1,E:1 G:2,F:3,17,42,25,21,105,0
D:2,E:2 F:1,F:3 G:2,E:1,17,42,32,14,105,0
D:2,E:2 F:3,E:1 F:1,G:2,17,43,25,17,102,0
D:2,E:2 F:3,E:1 G:2,F:1,17,43,25,19,104,0
D:2,E:2 F:3,F:1 G:2,E:1,17,43,29,14,103,0
D:2,E:2 G:2,E:1 F:1,F:3,17,42,25,21,105,0
D:2,E:2 G:2,E:1 F:3,F:1,17,42,30,19,108,0
D:2,E:2 G:2,F:1 F:3,E:1,17,42,29,14,102,0
D:2,F:1 F:3,E:1 E:2,G:2,17,43,29,17,106,0
D:2,F:1 F:3,E:1 G:2,E:2,17,43,25,21,106,0
D:2,F:1 F:3,E:2 G:2,E:1,17,43,33,14,107,0
D:2,F:1 G:2,E:1 E:2,F:3,17,44,29,21,111,0
D:2,F:1 G:2,E:1 F:3,E:2,17,44,30,21,112,0
D:2,F:1 G:2,E:2 F:3,E:1,17,44,33,14,108,0
D:2,F:3 G:2,E:1 E:2,F:1,17,43,29,19,108,0
D:2,F:3 G:2,E:1 F:1,E:2,17,43,25,21,106,0
D:2,F:3 G:2,E:2 F:1,E:1,17,43,31,14,105,0
E:1,D:2 E:2,F:1 F:3,G:2,14,45,29,17,105,0
E:1,D:2 E:2,F:1 G:2,F:3,14,45,29,21,109,0
E:1,D:2 E:2,F:3 G:2,F:1,14,45,32,19,110,0
E:1,D:2 F:1,E:2 F:3,G:2,14,42,33,17,106,0
E:1,D:2 F:1,E:2 G:2,F:3,14,42,33,21,110,0
E:1,D:2 F:1,F:3 G:2,E:2,14,42,32,21,109,0
E:1,D:2 F:3,E:2 F:1,G:2,14,45,31,17,107,0
E:1,D:2 F:3,E:2 G:2,F:1,14,45,33,19,111,0
E:1,D:2 F:3,F:1 G:2,E:2,14,45,29,21,109,0
E:1,D:2 G:2,E:2 F:1,F:3,14,44,31,21,110,0
E:1,D:2 G:2,E:2 F:3,F:1,14,44,33,19,110,0
E:1,D:2 G:2,F:1 F:3,E:2,14,44,29,21,108,0
E:1,E:2 F:1,D:2 F:3,G:2,14,42,34,17,107,0
E:1,E:2 F:1,D:2 G:2,F:3,14,42,31,21,108,0
E:1,E:2 F:1,F:3 G:2,D:2,14,42,32,22,110,0
E:1,E:2 F:3,D:2 F:1,G:2,14,43,28,17,102,0
E:1,E:2 F:3,D:2 G:2,F:1,14,43,31,19,107,0
E:1,E:2 F:3,F:1 G:2,D:2,14,43,29,22,108,0
E:1,E:2 G:2,D:2 F:1,F:3,14,42,28,21,105,0
E:1,E:2 G:2,D:2 F:3,F:1,14,42,34,19,109,0
E:1,E:2 G:2,F:1 F:3,D:2,14,42,29,22,107,0
E:1,F:1 F:3,D:2 E:2,G:2,14,43,35,17,109,0
E:1,F:1 F:3,D:2 G:2,E:2,14,43,31,21,109,0
E:1,F:1 F:3,E:2 G:2,D:2,14,43,33,22,112,0
E:1,F:1 G:2,D:2 E:2,F:3,14,44,35,21,114,0
E:1,F:1 G:2,D:2 F:3,E:2,14,44,34,21,113,0
E:1,F:1 G:2,E:2 F:3,D:2,14,44,33,22,113,0
E:1,F:3 G:2,D:2 E:2,F:1,14,43,35,19,111,0
E:1,F:3 G:2,D:2 F:1,E:2,14,43,28,21,106,0
E:1,F:3 G:2,E:2 F:1,D:2,14,43,31,22,110,0
E:2,D:2 E:1,F:1 F:3,G:2,20,40,29,17,106,0
E:2,D:2 E:1,F:1 G:2,F:3,20,40,29,21,110,0
E:2,D:2 E:1,F:3 G:2,F:1,20,40,32,19,111,0
E:2,D:2 F:1,E:1 F:3,G:2,20,42,30,17,109,0
E:2,D:2 F:1,E:1 G:2,F:3,20,42,25,21,108,0
E:2,D:2 F:1,F:3 G:2,E:1,20,42,32,14,108,0
E:2,D:2 F:3,E:1 F:1,G:2,20,45,25,17,107,0
E:2,D:2 F:3,E:1 G:2,F:1,20,45,25,19,109,0
E:2,D:2 F:3,F:1 G:2,E:1,20,45,29,14,108,0
E:2,D:2 G:2,E:1 F:1,F:3,20,44,25,21,110,0
E:2,D:2 G:2,E:1 F:3,F:1,20,44,30,19,113,0
E:2,D:2 G:2,F:1 F:3,E:1,20,44,29,14,107,0
E:2,E:1 F:1,D:2 F:3,G:2,20,38,34,17,109,0
E:2,E:1 F:1,D:2 G:2,F:3,20,38,31,21,110,0
E:2,E:1 F:1,F:3 G:2,D:2,20,38,32,22,112,0
E:2,E:1 F:3,D:2 F:1,G:2,20,41,28,17,106,0
E:2,E:1 F:3,D:2 G:2,F:1,20,41,31,19,111,0
E:2,E:1 F:3,F:1 G:2,D:2,20,41,29,22,112,0
E:2,E:1 G:2,D:2 F:1,F:3,20,36,28,21,105,0
E:2,E:1 G:2,D:2 F:3,F:1,20,36,34,19,109,0
E:2,E:1 G:2,F:1 F:3,D:2,20,36,29,22,107,0
E:2,F:1 F:3,D:2 E:1,G:2,20,43,27,17,107,0
E:2,F:1 F:3,D:2 G:2,E:1,20,43,31,14,108,0
E:2,F:1 F:3,E:1 G:2,D:2,20,43,25,22,110,0
E:2,F:1 G:2,D:2 E:1,F:3,20,44,27,21,112,0
E:2,F:1 G:2,D:2 F:3,E:1,20,44,34,14,112,0
E:2,F:1 G:2,E:1 F:3,D:2,20,44,30,22,116,0
E:2,F:3 G:2,D:2 E:1,F:1,20,43,27,19,109,0
E:2,F:3 G:2,D:2 F:1,E:1,20,43,28,14,105,0
E:2,F:3 G:2,E:1 F:1,D:2,20,43,25,22,110,0
F:1,D:2 E:1,E:2 F:3,G:2,16,40,33,17,106,0
F:1,D:2 E:1,E:2 G:2,F:3,16,40,33,21,110,0
F:1,D:2 E:1,F:3 G:2,E:2,16,40,32,21,109,0
F:1,D:2 E:2,E:1 F:3,G:2,16,45,30,17,108,0
F:1,D:2 E:2,E:1 G:2,F:3,16,45,25,21,107,0
F:1,D:2 E:2,F:3 G:2,E:1,16,45,32,14,107,0
F:1,D:2 F:3,E:1 E:2,G:2,16,45,29,17,107,0
F:1,D:2 F:3,E:1 G:2,E:2,16,45,25,21,107,0
F:1,D:2 F:3,E:2 G:2,E:1,16,45,33,14,108,0
F:1,D:2 G:2,E:1 E:2,F:3,16,44,29,21,110,0
F:1,D:2 G:2,E:1 F:3,E:2,16,44,30,21,111,0
F:1,D:2 G:2,E:2 F:3,E:1,16,44,33,14,107,0
F:1,E:1 E:2,D:2 F:3,G:2,16,36,34,17,103,0
F:1,E:1 E:2,D:2 G:2,F:3,16,36,31,21,104,0
F:1,E:1 E:2,F:3 G:2,D:2,16,36,32,22,106,0
F:1,E:1 F:3,D:2 E:2,G:2,16,41,35,17,109,0
F:1,E:1 F:3,D:2 G:2,E:2,16,41,31,21,109,0
F:1,E:1 F:3,E:2 G:2,D:2,16,41,33,22,112,0
F:1,E:1 G:2,D:2 E:2,F:3,16,36,35,21,108,0
F:1,E:1 G:2,D:2 F:3,E:2,16,36,34,21,107,0
F:1,E:1 G:2,E:2 F:3,D:2,16,36,33,22,107,0
F:1,E:2 F:3,D:2 E:1,G:2,16,43,27,17,103,0
F:1,E:2 F:3,D:2 G:2,E:1,16,43,31,14,104,0
F:1,E:2 F:3,E:1 G:2,D:2,16,43,25,22,106,0
F:1,E:2 G:2,D:2 E:1,F:3,16,42,27,21,106,0
F:1,E:2 G:2,D:2 F:3,E:1,16,42,34,14,106,0
F:1,E:2 G:2,E:1 F:3,D:2,16,42,30,22,110,0
F:1,F:3 G:2,D:2 E:1,E:2,16,43,27,21,107,0
F:1,F:3 G:2,D:2 E:2,E:1,16,43,35,14,108,0
F:1,F:3 G:2,E:1 E:2,D:2,16,43,29,22,110,0
F:3,D:2 E:1,E:2 F:1,G:2,21,40,31,17,109,0
F:3,D:2 E:1,E:2 G:2,F:1,21,40,33,19,113,0
F:3,D:2 E:1,F:1 G:2,E:2,21,40,29,21,111,0
F:3,D:2 E:2,E:1 F:1,G:2,21,45,25,17,108,0
F:3,D:2 E:2,E:1 G:2,F:1,21,45,25,19,110,0
F:3,D:2 E:2,F:1 G:2,E:1,21,45,29,14,109,0
F:3,D:2 F:1,E:1 E:2,G:2,21,42,29,17,109,0
F:3,D:2 F:1,E:1 G:2,E:2,21,42,25,21,109,0
F:3,D:2 F:1,E:2 G:2,E:1,21,42,33,14,110,0
F:3,D:2 G:2,E:1 E:2,F:1,21,44,29,19,113,0
F:3,D:2 G:2,E:1 F:1,E:2,21,44,25,21,111,0
F:3,D:2 G:2,E:2 F:1,E:1,21,44,31,14,110,0
F:3,E:1 E:2,D:2 F:1,G:2,21,36,28,17,102,0
F:3,E:1 E:2,D:2 G:2,F:1,21,36,31,19,107,0
F:3,E:1 E:2,F:1 G:2,D:2,21,36,29,22,108,0
F:3,E:1 F:1,D:2 E:2,G:2,21,38,35,17,111,0
F:3,E:1 F:1,D:2 G:2,E:2,21,38,31,21,111,0
F:3,E:1 F:1,E:2 G:2,D:2,21,38,33,22,114,0
F:3,E:1 G:2,D:2 E:2,F:1,21,36,35,19,111,0
F:3,E:1 G:2,D:2 F:1,E:2,21,36,28,21,106,0
F:3,E:1 G:2,E:2 F:1,D:2,21,36,31,22,110,0
F:3,E:2 F:1,D:2 E:1,G:2,21,42,27,17,107,0
F:3,E:2 F:1,D:2 G:2,E:1,21,42,31,14,108,0
F:3,E:2 F:1,E:1 G:2,D:2,21,42,25,22,110,0
F:3,E:2 G:2,D:2 E:1,F:1,21,42,27,19,109,0
F:3,E:2 G:2,D:2 F:1,E:1,21,42,28,14,105,0
F:3,E:2 G:2,E:1 F:1,D:2,21,42,25,22,110,0
F:3,F:1 G:2,D:2 E:1,E:2,21,44,27,21,113,0
F:3,F:1 G:2,D:2 E:2,E:1,21,44,35,14,114,0
F:3,F:1 G:2,E:1 E:2,D:2,21,44,29,22,116,0
G:2,D:2 E:1,E:2 F:1,F:3,17,40,31,21,109,0
G:2,D:2 E:1,E:2 F:3,F:1,17,40,33,19,109,0
G:2,D:2 E:1,F:1 F:3,E:2,17,40,29,21,107,0
G:2,D:2 E:2,E:1 F:1,F:3,17,45,25,21,108,0
G:2,D:2 E:2,E:1 F:3,F:1,17,45,30,19,111,0
G:2,D:2 E:2,F:1 F:3,E:1,17,45,29,14,105,0
G:2,D:2 F:1,E:1 E:2,F:3,17,42,29,21,109,0
G:2,D:2 F:1,E:1 F:3,E:2,17,42,30,21,110,0
G:2,D:2 F:1,E:2 F:3,E:1,17,42,33,14,106,0
G:2,D:2 F:3,E:1 E:2,F:1,17,45,29,19,110,0
G:2,D:2 F:3,E:1 F:1,E:2,17,45,25,21,108,0
G:2,D:2 F:3,E:2 F:1,E:1,17,45,31,14,107,0
G:2,E:1 E:2,D:2 F:1,F:3,17,36,28,21,102,0
G:2,E:1 E:2,D:2 F:3,F:1,17,36,34,19,106,0
G:2,E:1 E:2,F:1 F:3,D:2,17,36,29,22,104,0
G:2,E:1 F:1,D:2 E:2,F:3,17,38,35,21,111,0
G:2,E:1 F:1,D:2 F:3,E:2,17,38,34,21,110,0
G:2,E:1 F:1,E:2 F:3,D:2,17,38,33,22,110,0
G:2,E:1 F:3,D:2 E:2,F:1,17,41,35,19,112,0
G:2,E:1 F:3,D:2 F:1,E:2,17,41,28,21,107,0
G:2,E:1 F:3,E:2 F:1,D:2,17,41,31,22,111,0
G:2,E:2 F:1,D:2 E:1,F:3,17,42,27,21,107,0
G:2,E:2 F:1,D:2 F:3,E:1,17,42,34,14,107,0
G:2,E:2 F:1,E:1 F:3,D:2,17,42,30,22,111,0
G:2,E:2 F:3,D:2 E:1,F:1,17,43,27,19,106,0
G:2,E:2 F:3,D:2 F:1,E:1,17,43,28,14,102,0
G:2,E:2 F:3,E:1 F:1,D:2,17,43,25,22,107,0
G:2,F:1 F:3,D:2 E:1,E:2,17,43,27,21,108,0
G:2,F:1 F:3,D:2 E:2,E:1,17,43,35,14,109,0
G:2,F:1 F:3,E:1 E:2,D:2,17,43,29,22,111,0
