page,locus,paragraph,line_in_paragraph,word_index_in_line,word,class,state_1,state_2,output,depth_after_output,word_length,terminates
f2r,f2r.1,1,1,1,kydainy,START,PARAGRAPH_START,PARAGRAPH_START,k,1,7,0
f2r,f2r.1,1,1,1,kydainy,SECOND,SPACE,k,y,2,7,0
f2r,f2r.1,1,1,1,kydainy,INTERNAL,k,y,d,3,7,0
f2r,f2r.1,1,1,1,kydainy,INTERNAL,y,d,a,4,7,0
f2r,f2r.1,1,1,1,kydainy,INTERNAL,d,a,i,5,7,0
f2r,f2r.1,1,1,1,kydainy,INTERNAL,a,i,n,6,7,0
f2r,f2r.1,1,1,1,kydainy,INTERNAL,i,n,y,7,7,1
f2r,f2r.1,1,1,2,ypchol,BOUNDARY,y,SPACE,y,1,5,0
f2r,f2r.1,1,1,2,ypchol,SECOND,SPACE,y,p,2,5,0
f2r,f2r.1,1,1,2,ypchol,INTERNAL,y,p,ch,3,5,0
f2r,f2r.1,1,1,2,ypchol,INTERNAL,p,ch,o,4,5,0
f2r,f2r.1,1,1,2,ypchol,INTERNAL,ch,o,l,5,5,1
f2r,f2r.1,1,1,3,daiin,BOUNDARY,l,SPACE,d,1,5,0
f2r,f2r.1,1,1,3,daiin,SECOND,SPACE,d,a,2,5,0
f2r,f2r.1,1,1,3,daiin,INTERNAL,d,a,i,3,5,0
f2r,f2r.1,1,1,3,daiin,INTERNAL,a,i,i,4,5,0
f2r,f2r.1,1,1,3,daiin,INTERNAL,i,i,n,5,5,1
f2r,f2r.1,1,1,4,otchal,BOUNDARY,n,SPACE,o,1,5,0
f2r,f2r.1,1,1,4,otchal,SECOND,SPACE,o,t,2,5,0
f2r,f2r.1,1,1,4,otchal,INTERNAL,o,t,ch,3,5,0
f2r,f2r.1,1,1,4,otchal,INTERNAL,t,ch,a,4,5,0
f2r,f2r.1,1,1,4,otchal,INTERNAL,ch,a,l,5,5,1
f2r,f2r.1,1,1,5,ypchaiin,BOUNDARY,l,SPACE,y,1,7,0
f2r,f2r.1,1,1,5,ypchaiin,SECOND,SPACE,y,p,2,7,0
f2r,f2r.1,1,1,5,ypchaiin,INTERNAL,y,p,ch,3,7,0
f2r,f2r.1,1,1,5,ypchaiin,INTERNAL,p,ch,a,4,7,0
f2r,f2r.1,1,1,5,ypchaiin,INTERNAL,ch,a,i,5,7,0
f2r,f2r.1,1,1,5,ypchaiin,INTERNAL,a,i,i,6,7,0
f2r,f2r.1,1,1,5,ypchaiin,INTERNAL,i,i,n,7,7,1
f2r,f2r.1,1,1,6,ckholsy,BOUNDARY,n,SPACE,ckh,1,5,0
f2r,f2r.1,1,1,6,ckholsy,SECOND,SPACE,ckh,o,2,5,0
f2r,f2r.1,1,1,6,ckholsy,INTERNAL,ckh,o,l,3,5,0
f2r,f2r.1,1,1,6,ckholsy,INTERNAL,o,l,s,4,5,0
f2r,f2r.1,1,1,6,ckholsy,INTERNAL,l,s,y,5,5,1
f2r,f2r.2,1,2,1,dorchory,RESTART,SPACE,SPACE,d,1,7,0
f2r,f2r.2,1,2,1,dorchory,SECOND,SPACE,d,o,2,7,0
f2r,f2r.2,1,2,1,dorchory,INTERNAL,d,o,r,3,7,0
f2r,f2r.2,1,2,1,dorchory,INTERNAL,o,r,ch,4,7,0
f2r,f2r.2,1,2,1,dorchory,INTERNAL,r,ch,o,5,7,0
f2r,f2r.2,1,2,1,dorchory,INTERNAL,ch,o,r,6,7,0
f2r,f2r.2,1,2,1,dorchory,INTERNAL,o,r,y,7,7,1
f2r,f2r.2,1,2,2,chkar,BOUNDARY,y,SPACE,ch,1,4,0
f2r,f2r.2,1,2,2,chkar,SECOND,SPACE,ch,k,2,4,0
f2r,f2r.2,1,2,2,chkar,INTERNAL,ch,k,a,3,4,0
f2r,f2r.2,1,2,2,chkar,INTERNAL,k,a,r,4,4,1
f2r,f2r.2,1,2,3,s,BOUNDARY,r,SPACE,s,1,1,1
f2r,f2r.2,1,2,4,shor,BOUNDARY,s,SPACE,sh,1,3,0
f2r,f2r.2,1,2,4,shor,SECOND,SPACE,sh,o,2,3,0
f2r,f2r.2,1,2,4,shor,INTERNAL,sh,o,r,3,3,1
f2r,f2r.2,1,2,5,cthy,BOUNDARY,r,SPACE,cth,1,2,0
f2r,f2r.2,1,2,5,cthy,SECOND,SPACE,cth,y,2,2,1
f2r,f2r.3,1,3,1,qotaiin,RESTART,SPACE,SPACE,q,1,7,0
f2r,f2r.3,1,3,1,qotaiin,SECOND,SPACE,q,o,2,7,0
f2r,f2r.3,1,3,1,qotaiin,INTERNAL,q,o,t,3,7,0
f2r,f2r.3,1,3,1,qotaiin,INTERNAL,o,t,a,4,7,0
f2r,f2r.3,1,3,1,qotaiin,INTERNAL,t,a,i,5,7,0
f2r,f2r.3,1,3,1,qotaiin,INTERNAL,a,i,i,6,7,0
f2r,f2r.3,1,3,1,qotaiin,INTERNAL,i,i,n,7,7,1
f2r,f2r.3,1,3,2,cthey,BOUNDARY,n,SPACE,cth,1,3,0
f2r,f2r.3,1,3,2,cthey,SECOND,SPACE,cth,e,2,3,0
f2r,f2r.3,1,3,2,cthey,INTERNAL,cth,e,y,3,3,1
f2r,f2r.3,1,3,3,y,BOUNDARY,y,SPACE,y,1,1,1
f2r,f2r.3,1,3,4,chor,BOUNDARY,y,SPACE,ch,1,3,0
f2r,f2r.3,1,3,4,chor,SECOND,SPACE,ch,o,2,3,0
f2r,f2r.3,1,3,4,chor,INTERNAL,ch,o,r,3,3,1
f2r,f2r.3,1,3,5,chy,BOUNDARY,r,SPACE,ch,1,2,0
f2r,f2r.3,1,3,5,chy,SECOND,SPACE,ch,y,2,2,1
f2r,f2r.3,1,3,6,ydy,BOUNDARY,y,SPACE,y,1,3,0
f2r,f2r.3,1,3,6,ydy,SECOND,SPACE,y,d,2,3,0
f2r,f2r.3,1,3,6,ydy,INTERNAL,y,d,y,3,3,1
f2r,f2r.3,1,3,7,chaiin,BOUNDARY,y,SPACE,ch,1,5,0
f2r,f2r.3,1,3,7,chaiin,SECOND,SPACE,ch,a,2,5,0
f2r,f2r.3,1,3,7,chaiin,INTERNAL,ch,a,i,3,5,0
f2r,f2r.3,1,3,7,chaiin,INTERNAL,a,i,i,4,5,0
f2r,f2r.3,1,3,7,chaiin,INTERNAL,i,i,n,5,5,1
f2r,f2r.4,1,4,1,chtod,RESTART,SPACE,SPACE,ch,1,4,0
f2r,f2r.4,1,4,1,chtod,SECOND,SPACE,ch,t,2,4,0
f2r,f2r.4,1,4,1,chtod,INTERNAL,ch,t,o,3,4,0
f2r,f2r.4,1,4,1,chtod,INTERNAL,t,o,d,4,4,1
f2r,f2r.4,1,4,2,dy,BOUNDARY,d,SPACE,d,1,2,0
f2r,f2r.4,1,4,2,dy,SECOND,SPACE,d,y,2,2,1
f2r,f2r.4,1,4,3,cphy,BOUNDARY,y,SPACE,cph,1,2,0
f2r,f2r.4,1,4,3,cphy,SECOND,SPACE,cph,y,2,2,1
f2r,f2r.4,1,4,4,dals,BOUNDARY,y,SPACE,d,1,4,0
f2r,f2r.4,1,4,4,dals,SECOND,SPACE,d,a,2,4,0
f2r,f2r.4,1,4,4,dals,INTERNAL,d,a,l,3,4,0
f2r,f2r.4,1,4,4,dals,INTERNAL,a,l,s,4,4,1
f2r,f2r.4,1,4,5,chokaiin,BOUNDARY,s,SPACE,ch,1,7,0
f2r,f2r.4,1,4,5,chokaiin,SECOND,SPACE,ch,o,2,7,0
f2r,f2r.4,1,4,5,chokaiin,INTERNAL,ch,o,k,3,7,0
f2r,f2r.4,1,4,5,chokaiin,INTERNAL,o,k,a,4,7,0
f2r,f2r.4,1,4,5,chokaiin,INTERNAL,k,a,i,5,7,0
f2r,f2r.4,1,4,5,chokaiin,INTERNAL,a,i,i,6,7,0
f2r,f2r.4,1,4,5,chokaiin,INTERNAL,i,i,n,7,7,1
f2r,f2r.4,1,4,6,d,BOUNDARY,n,SPACE,d,1,1,1
f2r,f2r.5,1,5,1,otochor,RESTART,SPACE,SPACE,o,1,6,0
f2r,f2r.5,1,5,1,otochor,SECOND,SPACE,o,t,2,6,0
f2r,f2r.5,1,5,1,otochor,INTERNAL,o,t,o,3,6,0
f2r,f2r.5,1,5,1,otochor,INTERNAL,t,o,ch,4,6,0
f2r,f2r.5,1,5,1,otochor,INTERNAL,o,ch,o,5,6,0
f2r,f2r.5,1,5,1,otochor,INTERNAL,ch,o,r,6,6,1
f2r,f2r.5,1,5,2,al,BOUNDARY,r,SPACE,a,1,2,0
f2r,f2r.5,1,5,2,al,SECOND,SPACE,a,l,2,2,1
f2r,f2r.5,1,5,3,shodaiin,BOUNDARY,l,SPACE,sh,1,7,0
f2r,f2r.5,1,5,3,shodaiin,SECOND,SPACE,sh,o,2,7,0
f2r,f2r.5,1,5,3,shodaiin,INTERNAL,sh,o,d,3,7,0
f2r,f2r.5,1,5,3,shodaiin,INTERNAL,o,d,a,4,7,0
f2r,f2r.5,1,5,3,shodaiin,INTERNAL,d,a,i,5,7,0
f2r,f2r.5,1,5,3,shodaiin,INTERNAL,a,i,i,6,7,0
f2r,f2r.5,1,5,3,shodaiin,INTERNAL,i,i,n,7,7,1
f2r,f2r.5,1,5,4,chol,BOUNDARY,n,SPACE,ch,1,3,0
f2r,f2r.5,1,5,4,chol,SECOND,SPACE,ch,o,2,3,0
f2r,f2r.5,1,5,4,chol,INTERNAL,ch,o,l,3,3,1
f2r,f2r.5,1,5,5,dan,BOUNDARY,l,SPACE,d,1,3,0
f2r,f2r.5,1,5,5,dan,SECOND,SPACE,d,a,2,3,0
f2r,f2r.5,1,5,5,dan,INTERNAL,d,a,n,3,3,1
f2r,f2r.5,1,5,6,ytchaiin,BOUNDARY,n,SPACE,y,1,7,0
f2r,f2r.5,1,5,6,ytchaiin,SECOND,SPACE,y,t,2,7,0
f2r,f2r.5,1,5,6,ytchaiin,INTERNAL,y,t,ch,3,7,0
f2r,f2r.5,1,5,6,ytchaiin,INTERNAL,t,ch,a,4,7,0
f2r,f2r.5,1,5,6,ytchaiin,INTERNAL,ch,a,i,5,7,0
f2r,f2r.5,1,5,6,ytchaiin,INTERNAL,a,i,i,6,7,0
f2r,f2r.5,1,5,6,ytchaiin,INTERNAL,i,i,n,7,7,1
f2r,f2r.5,1,5,7,dan,BOUNDARY,n,SPACE,d,1,3,0
f2r,f2r.5,1,5,7,dan,SECOND,SPACE,d,a,2,3,0
f2r,f2r.5,1,5,7,dan,INTERNAL,d,a,n,3,3,1
f2r,f2r.6,1,6,1,saiin,RESTART,SPACE,SPACE,s,1,5,0
f2r,f2r.6,1,6,1,saiin,SECOND,SPACE,s,a,2,5,0
f2r,f2r.6,1,6,1,saiin,INTERNAL,s,a,i,3,5,0
f2r,f2r.6,1,6,1,saiin,INTERNAL,a,i,i,4,5,0
f2r,f2r.6,1,6,1,saiin,INTERNAL,i,i,n,5,5,1
f2r,f2r.6,1,6,2,dain,BOUNDARY,n,SPACE,d,1,4,0
f2r,f2r.6,1,6,2,dain,SECOND,SPACE,d,a,2,4,0
f2r,f2r.6,1,6,2,dain,INTERNAL,d,a,i,3,4,0
f2r,f2r.6,1,6,2,dain,INTERNAL,a,i,n,4,4,1
f2r,f2r.6,1,6,3,d,BOUNDARY,n,SPACE,d,1,1,1
f2r,f2r.6,1,6,4,dkol,BOUNDARY,d,SPACE,d,1,4,0
f2r,f2r.6,1,6,4,dkol,SECOND,SPACE,d,k,2,4,0
f2r,f2r.6,1,6,4,dkol,INTERNAL,d,k,o,3,4,0
f2r,f2r.6,1,6,4,dkol,INTERNAL,k,o,l,4,4,1
f2r,f2r.6,1,6,5,sor,BOUNDARY,l,SPACE,s,1,3,0
f2r,f2r.6,1,6,5,sor,SECOND,SPACE,s,o,2,3,0
f2r,f2r.6,1,6,5,sor,INTERNAL,s,o,r,3,3,1
f2r,f2r.6,1,6,6,ytoldy,BOUNDARY,r,SPACE,y,1,6,0
f2r,f2r.6,1,6,6,ytoldy,SECOND,SPACE,y,t,2,6,0
f2r,f2r.6,1,6,6,ytoldy,INTERNAL,y,t,o,3,6,0
f2r,f2r.6,1,6,6,ytoldy,INTERNAL,t,o,l,4,6,0
f2r,f2r.6,1,6,6,ytoldy,INTERNAL,o,l,d,5,6,0
f2r,f2r.6,1,6,6,ytoldy,INTERNAL,l,d,y,6,6,1
f2r,f2r.6,1,6,7,dchol,BOUNDARY,y,SPACE,d,1,4,0
f2r,f2r.6,1,6,7,dchol,SECOND,SPACE,d,ch,2,4,0
f2r,f2r.6,1,6,7,dchol,INTERNAL,d,ch,o,3,4,0
f2r,f2r.6,1,6,7,dchol,INTERNAL,ch,o,l,4,4,1
f2r,f2r.6,1,6,8,dchy,BOUNDARY,l,SPACE,d,1,3,0
f2r,f2r.6,1,6,8,dchy,SECOND,SPACE,d,ch,2,3,0
f2r,f2r.6,1,6,8,dchy,INTERNAL,d,ch,y,3,3,1
f2r,f2r.6,1,6,9,cthy,BOUNDARY,y,SPACE,cth,1,2,0
f2r,f2r.6,1,6,9,cthy,SECOND,SPACE,cth,y,2,2,1
f2r,f2r.7,1,7,1,shor,RESTART,SPACE,SPACE,sh,1,3,0
f2r,f2r.7,1,7,1,shor,SECOND,SPACE,sh,o,2,3,0
f2r,f2r.7,1,7,1,shor,INTERNAL,sh,o,r,3,3,1
f2r,f2r.7,1,7,2,ckhy,BOUNDARY,r,SPACE,ckh,1,2,0
f2r,f2r.7,1,7,2,ckhy,SECOND,SPACE,ckh,y,2,2,1
f2r,f2r.7,1,7,3,daiiny,BOUNDARY,y,SPACE,d,1,6,0
f2r,f2r.7,1,7,3,daiiny,SECOND,SPACE,d,a,2,6,0
f2r,f2r.7,1,7,3,daiiny,INTERNAL,d,a,i,3,6,0
f2r,f2r.7,1,7,3,daiiny,INTERNAL,a,i,i,4,6,0
f2r,f2r.7,1,7,3,daiiny,INTERNAL,i,i,n,5,6,0
f2r,f2r.7,1,7,3,daiiny,INTERNAL,i,n,y,6,6,1
f2r,f2r.7,1,7,4,chol,BOUNDARY,y,SPACE,ch,1,3,0
f2r,f2r.7,1,7,4,chol,SECOND,SPACE,ch,o,2,3,0
f2r,f2r.7,1,7,4,chol,INTERNAL,ch,o,l,3,3,1
f2r,f2r.7,1,7,5,dan,BOUNDARY,l,SPACE,d,1,3,0
f2r,f2r.7,1,7,5,dan,SECOND,SPACE,d,a,2,3,0
f2r,f2r.7,1,7,5,dan,INTERNAL,d,a,n,3,3,1
f2r,f2r.8,2,1,1,kydain,START,PARAGRAPH_START,PARAGRAPH_START,k,1,6,0
f2r,f2r.8,2,1,1,kydain,SECOND,SPACE,k,y,2,6,0
f2r,f2r.8,2,1,1,kydain,INTERNAL,k,y,d,3,6,0
f2r,f2r.8,2,1,1,kydain,INTERNAL,y,d,a,4,6,0
f2r,f2r.8,2,1,1,kydain,INTERNAL,d,a,i,5,6,0
f2r,f2r.8,2,1,1,kydain,INTERNAL,a,i,n,6,6,1
f2r,f2r.8,2,1,2,shaiin,BOUNDARY,n,SPACE,sh,1,5,0
f2r,f2r.8,2,1,2,shaiin,SECOND,SPACE,sh,a,2,5,0
f2r,f2r.8,2,1,2,shaiin,INTERNAL,sh,a,i,3,5,0
f2r,f2r.8,2,1,2,shaiin,INTERNAL,a,i,i,4,5,0
f2r,f2r.8,2,1,2,shaiin,INTERNAL,i,i,n,5,5,1
f2r,f2r.8,2,1,3,qoy,BOUNDARY,n,SPACE,q,1,3,0
f2r,f2r.8,2,1,3,qoy,SECOND,SPACE,q,o,2,3,0
f2r,f2r.8,2,1,3,qoy,INTERNAL,q,o,y,3,3,1
f2r,f2r.8,2,1,4,s,BOUNDARY,y,SPACE,s,1,1,1
f2r,f2r.8,2,1,5,shol,BOUNDARY,s,SPACE,sh,1,3,0
f2r,f2r.8,2,1,5,shol,SECOND,SPACE,sh,o,2,3,0
f2r,f2r.8,2,1,5,shol,INTERNAL,sh,o,l,3,3,1
f2r,f2r.8,2,1,6,fodan,BOUNDARY,l,SPACE,f,1,5,0
f2r,f2r.8,2,1,6,fodan,SECOND,SPACE,f,o,2,5,0
f2r,f2r.8,2,1,6,fodan,INTERNAL,f,o,d,3,5,0
f2r,f2r.8,2,1,6,fodan,INTERNAL,o,d,a,4,5,0
f2r,f2r.8,2,1,6,fodan,INTERNAL,d,a,n,5,5,1
f2r,f2r.8,2,1,7,yksh,BOUNDARY,n,SPACE,y,1,3,0
f2r,f2r.8,2,1,7,yksh,SECOND,SPACE,y,k,2,3,0
f2r,f2r.8,2,1,7,yksh,INTERNAL,y,k,sh,3,3,1
f2r,f2r.8,2,1,8,olsheey,BOUNDARY,sh,SPACE,o,1,6,0
f2r,f2r.8,2,1,8,olsheey,SECOND,SPACE,o,l,2,6,0
f2r,f2r.8,2,1,8,olsheey,INTERNAL,o,l,sh,3,6,0
f2r,f2r.8,2,1,8,olsheey,INTERNAL,l,sh,e,4,6,0
f2r,f2r.8,2,1,8,olsheey,INTERNAL,sh,e,e,5,6,0
f2r,f2r.8,2,1,8,olsheey,INTERNAL,e,e,y,6,6,1
f2r,f2r.8,2,1,9,daiildy,BOUNDARY,y,SPACE,d,1,7,0
f2r,f2r.8,2,1,9,daiildy,SECOND,SPACE,d,a,2,7,0
f2r,f2r.8,2,1,9,daiildy,INTERNAL,d,a,i,3,7,0
f2r,f2r.8,2,1,9,daiildy,INTERNAL,a,i,i,4,7,0
f2r,f2r.8,2,1,9,daiildy,INTERNAL,i,i,l,5,7,0
f2r,f2r.8,2,1,9,daiildy,INTERNAL,i,l,d,6,7,0
f2r,f2r.8,2,1,9,daiildy,INTERNAL,l,d,y,7,7,1
f2r,f2r.9,2,2,1,dls,RESTART,SPACE,SPACE,d,1,3,0
f2r,f2r.9,2,2,1,dls,SECOND,SPACE,d,l,2,3,0
f2r,f2r.9,2,2,1,dls,INTERNAL,d,l,s,3,3,1
f2r,f2r.9,2,2,2,sho,BOUNDARY,s,SPACE,sh,1,2,0
f2r,f2r.9,2,2,2,sho,SECOND,SPACE,sh,o,2,2,1
f2r,f2r.9,2,2,3,kol,BOUNDARY,o,SPACE,k,1,3,0
f2r,f2r.9,2,2,3,kol,SECOND,SPACE,k,o,2,3,0
f2r,f2r.9,2,2,3,kol,INTERNAL,k,o,l,3,3,1
f2r,f2r.9,2,2,4,sheey,BOUNDARY,l,SPACE,sh,1,4,0
f2r,f2r.9,2,2,4,sheey,SECOND,SPACE,sh,e,2,4,0
f2r,f2r.9,2,2,4,sheey,INTERNAL,sh,e,e,3,4,0
f2r,f2r.9,2,2,4,sheey,INTERNAL,e,e,y,4,4,1
f2r,f2r.9,2,2,5,qokey,BOUNDARY,y,SPACE,q,1,5,0
f2r,f2r.9,2,2,5,qokey,SECOND,SPACE,q,o,2,5,0
f2r,f2r.9,2,2,5,qokey,INTERNAL,q,o,k,3,5,0
f2r,f2r.9,2,2,5,qokey,INTERNAL,o,k,e,4,5,0
f2r,f2r.9,2,2,5,qokey,INTERNAL,k,e,y,5,5,1
f2r,f2r.9,2,2,6,ykody,BOUNDARY,y,SPACE,y,1,5,0
f2r,f2r.9,2,2,6,ykody,SECOND,SPACE,y,k,2,5,0
f2r,f2r.9,2,2,6,ykody,INTERNAL,y,k,o,3,5,0
f2r,f2r.9,2,2,6,ykody,INTERNAL,k,o,d,4,5,0
f2r,f2r.9,2,2,6,ykody,INTERNAL,o,d,y,5,5,1
f2r,f2r.9,2,2,7,so,BOUNDARY,y,SPACE,s,1,2,0
f2r,f2r.9,2,2,7,so,SECOND,SPACE,s,o,2,2,1
f2r,f2r.9,2,2,8,chol,BOUNDARY,o,SPACE,ch,1,3,0
f2r,f2r.9,2,2,8,chol,SECOND,SPACE,ch,o,2,3,0
f2r,f2r.9,2,2,8,chol,INTERNAL,ch,o,l,3,3,1
f2r,f2r.9,2,2,9,yky,BOUNDARY,l,SPACE,y,1,3,0
f2r,f2r.9,2,2,9,yky,SECOND,SPACE,y,k,2,3,0
f2r,f2r.9,2,2,9,yky,INTERNAL,y,k,y,3,3,1
f2r,f2r.9,2,2,10,dain,BOUNDARY,y,SPACE,d,1,4,0
f2r,f2r.9,2,2,10,dain,SECOND,SPACE,d,a,2,4,0
f2r,f2r.9,2,2,10,dain,INTERNAL,d,a,i,3,4,0
f2r,f2r.9,2,2,10,dain,INTERNAL,a,i,n,4,4,1
f2r,f2r.9,2,2,11,daiisol,BOUNDARY,n,SPACE,d,1,7,0
f2r,f2r.9,2,2,11,daiisol,SECOND,SPACE,d,a,2,7,0
f2r,f2r.9,2,2,11,daiisol,INTERNAL,d,a,i,3,7,0
f2r,f2r.9,2,2,11,daiisol,INTERNAL,a,i,i,4,7,0
f2r,f2r.9,2,2,11,daiisol,INTERNAL,i,i,s,5,7,0
f2r,f2r.9,2,2,11,daiisol,INTERNAL,i,s,o,6,7,0
f2r,f2r.9,2,2,11,daiisol,INTERNAL,s,o,l,7,7,1
f2r,f2r.10,2,3,1,cholaiin,RESTART,SPACE,SPACE,ch,1,7,0
f2r,f2r.10,2,3,1,cholaiin,SECOND,SPACE,ch,o,2,7,0
f2r,f2r.10,2,3,1,cholaiin,INTERNAL,ch,o,l,3,7,0
f2r,f2r.10,2,3,1,cholaiin,INTERNAL,o,l,a,4,7,0
f2r,f2r.10,2,3,1,cholaiin,INTERNAL,l,a,i,5,7,0
f2r,f2r.10,2,3,1,cholaiin,INTERNAL,a,i,i,6,7,0
f2r,f2r.10,2,3,1,cholaiin,INTERNAL,i,i,n,7,7,1
f2r,f2r.10,2,3,2,shol,BOUNDARY,n,SPACE,sh,1,3,0
f2r,f2r.10,2,3,2,shol,SECOND,SPACE,sh,o,2,3,0
f2r,f2r.10,2,3,2,shol,INTERNAL,sh,o,l,3,3,1
f2r,f2r.10,2,3,3,sheky,BOUNDARY,l,SPACE,sh,1,4,0
f2r,f2r.10,2,3,3,sheky,SECOND,SPACE,sh,e,2,4,0
f2r,f2r.10,2,3,3,sheky,INTERNAL,sh,e,k,3,4,0
f2r,f2r.10,2,3,3,sheky,INTERNAL,e,k,y,4,4,1
f2r,f2r.10,2,3,4,daiin,BOUNDARY,y,SPACE,d,1,5,0
f2r,f2r.10,2,3,4,daiin,SECOND,SPACE,d,a,2,5,0
f2r,f2r.10,2,3,4,daiin,INTERNAL,d,a,i,3,5,0
f2r,f2r.10,2,3,4,daiin,INTERNAL,a,i,i,4,5,0
f2r,f2r.10,2,3,4,daiin,INTERNAL,i,i,n,5,5,1
f2r,f2r.10,2,3,5,cthey,BOUNDARY,n,SPACE,cth,1,3,0
f2r,f2r.10,2,3,5,cthey,SECOND,SPACE,cth,e,2,3,0
f2r,f2r.10,2,3,5,cthey,INTERNAL,cth,e,y,3,3,1
f2r,f2r.10,2,3,6,keol,BOUNDARY,y,SPACE,k,1,4,0
f2r,f2r.10,2,3,6,keol,SECOND,SPACE,k,e,2,4,0
f2r,f2r.10,2,3,6,keol,INTERNAL,k,e,o,3,4,0
f2r,f2r.10,2,3,6,keol,INTERNAL,e,o,l,4,4,1
f2r,f2r.10,2,3,7,saiin,BOUNDARY,l,SPACE,s,1,5,0
f2r,f2r.10,2,3,7,saiin,SECOND,SPACE,s,a,2,5,0
f2r,f2r.10,2,3,7,saiin,INTERNAL,s,a,i,3,5,0
f2r,f2r.10,2,3,7,saiin,INTERNAL,a,i,i,4,5,0
f2r,f2r.10,2,3,7,saiin,INTERNAL,i,i,n,5,5,1
f2r,f2r.11,2,4,1,ychain,RESTART,SPACE,SPACE,y,1,5,0
f2r,f2r.11,2,4,1,ychain,SECOND,SPACE,y,ch,2,5,0
f2r,f2r.11,2,4,1,ychain,INTERNAL,y,ch,a,3,5,0
f2r,f2r.11,2,4,1,ychain,INTERNAL,ch,a,i,4,5,0
f2r,f2r.11,2,4,1,ychain,INTERNAL,a,i,n,5,5,1
f2r,f2r.11,2,4,2,dal,BOUNDARY,n,SPACE,d,1,3,0
f2r,f2r.11,2,4,2,dal,SECOND,SPACE,d,a,2,3,0
f2r,f2r.11,2,4,2,dal,INTERNAL,d,a,l,3,3,1
f2r,f2r.11,2,4,3,chy,BOUNDARY,l,SPACE,ch,1,2,0
f2r,f2r.11,2,4,3,chy,SECOND,SPACE,ch,y,2,2,1
f2r,f2r.11,2,4,4,dalor,BOUNDARY,y,SPACE,d,1,5,0
f2r,f2r.11,2,4,4,dalor,SECOND,SPACE,d,a,2,5,0
f2r,f2r.11,2,4,4,dalor,INTERNAL,d,a,l,3,5,0
f2r,f2r.11,2,4,4,dalor,INTERNAL,a,l,o,4,5,0
f2r,f2r.11,2,4,4,dalor,INTERNAL,l,o,r,5,5,1
f2r,f2r.11,2,4,5,shan,BOUNDARY,r,SPACE,sh,1,3,0
f2r,f2r.11,2,4,5,shan,SECOND,SPACE,sh,a,2,3,0
f2r,f2r.11,2,4,5,shan,INTERNAL,sh,a,n,3,3,1
f2r,f2r.11,2,4,6,dan,BOUNDARY,n,SPACE,d,1,3,0
f2r,f2r.11,2,4,6,dan,SECOND,SPACE,d,a,2,3,0
f2r,f2r.11,2,4,6,dan,INTERNAL,d,a,n,3,3,1
f2r,f2r.11,2,4,7,olsaiin,BOUNDARY,n,SPACE,o,1,7,0
f2r,f2r.11,2,4,7,olsaiin,SECOND,SPACE,o,l,2,7,0
f2r,f2r.11,2,4,7,olsaiin,INTERNAL,o,l,s,3,7,0
f2r,f2r.11,2,4,7,olsaiin,INTERNAL,l,s,a,4,7,0
f2r,f2r.11,2,4,7,olsaiin,INTERNAL,s,a,i,5,7,0
f2r,f2r.11,2,4,7,olsaiin,INTERNAL,a,i,i,6,7,0
f2r,f2r.11,2,4,7,olsaiin,INTERNAL,i,i,n,7,7,1
f2r,f2r.11,2,4,8,sheey,BOUNDARY,n,SPACE,sh,1,4,0
f2r,f2r.11,2,4,8,sheey,SECOND,SPACE,sh,e,2,4,0
f2r,f2r.11,2,4,8,sheey,INTERNAL,sh,e,e,3,4,0
f2r,f2r.11,2,4,8,sheey,INTERNAL,e,e,y,4,4,1
f2r,f2r.11,2,4,9,ckhor,BOUNDARY,y,SPACE,ckh,1,3,0
f2r,f2r.11,2,4,9,ckhor,SECOND,SPACE,ckh,o,2,3,0
f2r,f2r.11,2,4,9,ckhor,INTERNAL,ckh,o,r,3,3,1
f2r,f2r.12,2,5,1,okol,RESTART,SPACE,SPACE,o,1,4,0
f2r,f2r.12,2,5,1,okol,SECOND,SPACE,o,k,2,4,0
f2r,f2r.12,2,5,1,okol,INTERNAL,o,k,o,3,4,0
f2r,f2r.12,2,5,1,okol,INTERNAL,k,o,l,4,4,1
f2r,f2r.12,2,5,2,chy,BOUNDARY,l,SPACE,ch,1,2,0
f2r,f2r.12,2,5,2,chy,SECOND,SPACE,ch,y,2,2,1
f2r,f2r.12,2,5,3,chor,BOUNDARY,y,SPACE,ch,1,3,0
f2r,f2r.12,2,5,3,chor,SECOND,SPACE,ch,o,2,3,0
f2r,f2r.12,2,5,3,chor,INTERNAL,ch,o,r,3,3,1
f2r,f2r.12,2,5,4,cthor,BOUNDARY,r,SPACE,cth,1,3,0
f2r,f2r.12,2,5,4,cthor,SECOND,SPACE,cth,o,2,3,0
f2r,f2r.12,2,5,4,cthor,INTERNAL,cth,o,r,3,3,1
f2r,f2r.12,2,5,5,yor,BOUNDARY,r,SPACE,y,1,3,0
f2r,f2r.12,2,5,5,yor,SECOND,SPACE,y,o,2,3,0
f2r,f2r.12,2,5,5,yor,INTERNAL,y,o,r,3,3,1
f2r,f2r.12,2,5,6,an,BOUNDARY,r,SPACE,a,1,2,0
f2r,f2r.12,2,5,6,an,SECOND,SPACE,a,n,2,2,1
f2r,f2r.12,2,5,7,chan,BOUNDARY,n,SPACE,ch,1,3,0
f2r,f2r.12,2,5,7,chan,SECOND,SPACE,ch,a,2,3,0
f2r,f2r.12,2,5,7,chan,INTERNAL,ch,a,n,3,3,1
f2r,f2r.12,2,5,8,saiin,BOUNDARY,n,SPACE,s,1,5,0
f2r,f2r.12,2,5,8,saiin,SECOND,SPACE,s,a,2,5,0
f2r,f2r.12,2,5,8,saiin,INTERNAL,s,a,i,3,5,0
f2r,f2r.12,2,5,8,saiin,INTERNAL,a,i,i,4,5,0
f2r,f2r.12,2,5,8,saiin,INTERNAL,i,i,n,5,5,1
f2r,f2r.12,2,5,9,chety,BOUNDARY,n,SPACE,ch,1,4,0
f2r,f2r.12,2,5,9,chety,SECOND,SPACE,ch,e,2,4,0
f2r,f2r.12,2,5,9,chety,INTERNAL,ch,e,t,3,4,0
f2r,f2r.12,2,5,9,chety,INTERNAL,e,t,y,4,4,1
f2r,f2r.12,2,5,10,chyky,BOUNDARY,y,SPACE,ch,1,4,0
f2r,f2r.12,2,5,10,chyky,SECOND,SPACE,ch,y,2,4,0
f2r,f2r.12,2,5,10,chyky,INTERNAL,ch,y,k,3,4,0
f2r,f2r.12,2,5,10,chyky,INTERNAL,y,k,y,4,4,1
f2r,f2r.12,2,5,11,sal,BOUNDARY,y,SPACE,s,1,3,0
f2r,f2r.12,2,5,11,sal,SECOND,SPACE,s,a,2,3,0
f2r,f2r.12,2,5,11,sal,INTERNAL,s,a,l,3,3,1
f2r,f2r.13,2,6,1,sho,RESTART,SPACE,SPACE,sh,1,2,0
f2r,f2r.13,2,6,1,sho,SECOND,SPACE,sh,o,2,2,1
f2r,f2r.13,2,6,2,ykeey,BOUNDARY,o,SPACE,y,1,5,0
f2r,f2r.13,2,6,2,ykeey,SECOND,SPACE,y,k,2,5,0
f2r,f2r.13,2,6,2,ykeey,INTERNAL,y,k,e,3,5,0
f2r,f2r.13,2,6,2,ykeey,INTERNAL,k,e,e,4,5,0
f2r,f2r.13,2,6,2,ykeey,INTERNAL,e,e,y,5,5,1
f2r,f2r.13,2,6,3,chey,BOUNDARY,y,SPACE,ch,1,3,0
f2r,f2r.13,2,6,3,chey,SECOND,SPACE,ch,e,2,3,0
f2r,f2r.13,2,6,3,chey,INTERNAL,ch,e,y,3,3,1
f2r,f2r.13,2,6,4,daiin,BOUNDARY,y,SPACE,d,1,5,0
f2r,f2r.13,2,6,4,daiin,SECOND,SPACE,d,a,2,5,0
f2r,f2r.13,2,6,4,daiin,INTERNAL,d,a,i,3,5,0
f2r,f2r.13,2,6,4,daiin,INTERNAL,a,i,i,4,5,0
f2r,f2r.13,2,6,4,daiin,INTERNAL,i,i,n,5,5,1
f2r,f2r.13,2,6,5,chcthy,BOUNDARY,n,SPACE,ch,1,3,0
f2r,f2r.13,2,6,5,chcthy,SECOND,SPACE,ch,cth,2,3,0
f2r,f2r.13,2,6,5,chcthy,INTERNAL,ch,cth,y,3,3,1
f2v,f2v.1,3,1,1,kooiin,START,PARAGRAPH_START,PARAGRAPH_START,k,1,6,0
f2v,f2v.1,3,1,1,kooiin,SECOND,SPACE,k,o,2,6,0
f2v,f2v.1,3,1,1,kooiin,INTERNAL,k,o,o,3,6,0
f2v,f2v.1,3,1,1,kooiin,INTERNAL,o,o,i,4,6,0
f2v,f2v.1,3,1,1,kooiin,INTERNAL,o,i,i,5,6,0
f2v,f2v.1,3,1,1,kooiin,INTERNAL,i,i,n,6,6,1
f2v,f2v.1,3,1,2,cheo,BOUNDARY,n,SPACE,ch,1,3,0
f2v,f2v.1,3,1,2,cheo,SECOND,SPACE,ch,e,2,3,0
f2v,f2v.1,3,1,2,cheo,INTERNAL,ch,e,o,3,3,1
f2v,f2v.1,3,1,3,pchor,BOUNDARY,o,SPACE,p,1,4,0
f2v,f2v.1,3,1,3,pchor,SECOND,SPACE,p,ch,2,4,0
f2v,f2v.1,3,1,3,pchor,INTERNAL,p,ch,o,3,4,0
f2v,f2v.1,3,1,3,pchor,INTERNAL,ch,o,r,4,4,1
f2v,f2v.1,3,1,4,otaiin,BOUNDARY,r,SPACE,o,1,6,0
f2v,f2v.1,3,1,4,otaiin,SECOND,SPACE,o,t,2,6,0
f2v,f2v.1,3,1,4,otaiin,INTERNAL,o,t,a,3,6,0
f2v,f2v.1,3,1,4,otaiin,INTERNAL,t,a,i,4,6,0
f2v,f2v.1,3,1,4,otaiin,INTERNAL,a,i,i,5,6,0
f2v,f2v.1,3,1,4,otaiin,INTERNAL,i,i,n,6,6,1
f2v,f2v.1,3,1,5,odain,BOUNDARY,n,SPACE,o,1,5,0
f2v,f2v.1,3,1,5,odain,SECOND,SPACE,o,d,2,5,0
f2v,f2v.1,3,1,5,odain,INTERNAL,o,d,a,3,5,0
f2v,f2v.1,3,1,5,odain,INTERNAL,d,a,i,4,5,0
f2v,f2v.1,3,1,5,odain,INTERNAL,a,i,n,5,5,1
f2v,f2v.1,3,1,6,chor,BOUNDARY,n,SPACE,ch,1,3,0
f2v,f2v.1,3,1,6,chor,SECOND,SPACE,ch,o,2,3,0
f2v,f2v.1,3,1,6,chor,INTERNAL,ch,o,r,3,3,1
f2v,f2v.1,3,1,7,dair,BOUNDARY,r,SPACE,d,1,4,0
f2v,f2v.1,3,1,7,dair,SECOND,SPACE,d,a,2,4,0
f2v,f2v.1,3,1,7,dair,INTERNAL,d,a,i,3,4,0
f2v,f2v.1,3,1,7,dair,INTERNAL,a,i,r,4,4,1
f2v,f2v.1,3,1,8,shty,BOUNDARY,r,SPACE,sh,1,3,0
f2v,f2v.1,3,1,8,shty,SECOND,SPACE,sh,t,2,3,0
f2v,f2v.1,3,1,8,shty,INTERNAL,sh,t,y,3,3,1
f2v,f2v.2,3,2,1,kcho,RESTART,SPACE,SPACE,k,1,3,0
f2v,f2v.2,3,2,1,kcho,SECOND,SPACE,k,ch,2,3,0
f2v,f2v.2,3,2,1,kcho,INTERNAL,k,ch,o,3,3,1
f2v,f2v.2,3,2,2,kchy,BOUNDARY,o,SPACE,k,1,3,0
f2v,f2v.2,3,2,2,kchy,SECOND,SPACE,k,ch,2,3,0
f2v,f2v.2,3,2,2,kchy,INTERNAL,k,ch,y,3,3,1
f2v,f2v.2,3,2,3,sho,BOUNDARY,y,SPACE,sh,1,2,0
f2v,f2v.2,3,2,3,sho,SECOND,SPACE,sh,o,2,2,1
f2v,f2v.2,3,2,4,shol,BOUNDARY,o,SPACE,sh,1,3,0
f2v,f2v.2,3,2,4,shol,SECOND,SPACE,sh,o,2,3,0
f2v,f2v.2,3,2,4,shol,INTERNAL,sh,o,l,3,3,1
f2v,f2v.2,3,2,5,qotcho,BOUNDARY,l,SPACE,q,1,5,0
f2v,f2v.2,3,2,5,qotcho,SECOND,SPACE,q,o,2,5,0
f2v,f2v.2,3,2,5,qotcho,INTERNAL,q,o,t,3,5,0
f2v,f2v.2,3,2,5,qotcho,INTERNAL,o,t,ch,4,5,0
f2v,f2v.2,3,2,5,qotcho,INTERNAL,t,ch,o,5,5,1
f2v,f2v.2,3,2,6,loeees,BOUNDARY,o,SPACE,l,1,6,0
f2v,f2v.2,3,2,6,loeees,SECOND,SPACE,l,o,2,6,0
f2v,f2v.2,3,2,6,loeees,INTERNAL,l,o,e,3,6,0
f2v,f2v.2,3,2,6,loeees,INTERNAL,o,e,e,4,6,0
f2v,f2v.2,3,2,6,loeees,INTERNAL,e,e,e,5,6,0
f2v,f2v.2,3,2,6,loeees,INTERNAL,e,e,s,6,6,1
f2v,f2v.2,3,2,7,qoty,BOUNDARY,s,SPACE,q,1,4,0
f2v,f2v.2,3,2,7,qoty,SECOND,SPACE,q,o,2,4,0
f2v,f2v.2,3,2,7,qoty,INTERNAL,q,o,t,3,4,0
f2v,f2v.2,3,2,7,qoty,INTERNAL,o,t,y,4,4,1
f2v,f2v.2,3,2,8,chor,BOUNDARY,y,SPACE,ch,1,3,0
f2v,f2v.2,3,2,8,chor,SECOND,SPACE,ch,o,2,3,0
f2v,f2v.2,3,2,8,chor,INTERNAL,ch,o,r,3,3,1
f2v,f2v.2,3,2,9,daiin,BOUNDARY,r,SPACE,d,1,5,0
f2v,f2v.2,3,2,9,daiin,SECOND,SPACE,d,a,2,5,0
f2v,f2v.2,3,2,9,daiin,INTERNAL,d,a,i,3,5,0
f2v,f2v.2,3,2,9,daiin,INTERNAL,a,i,i,4,5,0
f2v,f2v.2,3,2,9,daiin,INTERNAL,i,i,n,5,5,1
f2v,f2v.3,3,3,1,otchy,RESTART,SPACE,SPACE,o,1,4,0
f2v,f2v.3,3,3,1,otchy,SECOND,SPACE,o,t,2,4,0
f2v,f2v.3,3,3,1,otchy,INTERNAL,o,t,ch,3,4,0
f2v,f2v.3,3,3,1,otchy,INTERNAL,t,ch,y,4,4,1
f2v,f2v.3,3,3,2,chor,BOUNDARY,y,SPACE,ch,1,3,0
f2v,f2v.3,3,3,2,chor,SECOND,SPACE,ch,o,2,3,0
f2v,f2v.3,3,3,2,chor,INTERNAL,ch,o,r,3,3,1
f2v,f2v.3,3,3,3,lshy,BOUNDARY,r,SPACE,l,1,3,0
f2v,f2v.3,3,3,3,lshy,SECOND,SPACE,l,sh,2,3,0
f2v,f2v.3,3,3,3,lshy,INTERNAL,l,sh,y,3,3,1
f2v,f2v.3,3,3,4,chol,BOUNDARY,y,SPACE,ch,1,3,0
f2v,f2v.3,3,3,4,chol,SECOND,SPACE,ch,o,2,3,0
f2v,f2v.3,3,3,4,chol,INTERNAL,ch,o,l,3,3,1
f2v,f2v.3,3,3,5,chody,BOUNDARY,l,SPACE,ch,1,4,0
f2v,f2v.3,3,3,5,chody,SECOND,SPACE,ch,o,2,4,0
f2v,f2v.3,3,3,5,chody,INTERNAL,ch,o,d,3,4,0
f2v,f2v.3,3,3,5,chody,INTERNAL,o,d,y,4,4,1
f2v,f2v.3,3,3,6,chodain,BOUNDARY,y,SPACE,ch,1,6,0
f2v,f2v.3,3,3,6,chodain,SECOND,SPACE,ch,o,2,6,0
f2v,f2v.3,3,3,6,chodain,INTERNAL,ch,o,d,3,6,0
f2v,f2v.3,3,3,6,chodain,INTERNAL,o,d,a,4,6,0
f2v,f2v.3,3,3,6,chodain,INTERNAL,d,a,i,5,6,0
f2v,f2v.3,3,3,6,chodain,INTERNAL,a,i,n,6,6,1
f2v,f2v.3,3,3,7,chcthy,BOUNDARY,n,SPACE,ch,1,3,0
f2v,f2v.3,3,3,7,chcthy,SECOND,SPACE,ch,cth,2,3,0
f2v,f2v.3,3,3,7,chcthy,INTERNAL,ch,cth,y,3,3,1
f2v,f2v.3,3,3,8,daiin,BOUNDARY,y,SPACE,d,1,5,0
f2v,f2v.3,3,3,8,daiin,SECOND,SPACE,d,a,2,5,0
f2v,f2v.3,3,3,8,daiin,INTERNAL,d,a,i,3,5,0
f2v,f2v.3,3,3,8,daiin,INTERNAL,a,i,i,4,5,0
f2v,f2v.3,3,3,8,daiin,INTERNAL,i,i,n,5,5,1
f2v,f2v.4,3,4,1,sho,RESTART,SPACE,SPACE,sh,1,2,0
f2v,f2v.4,3,4,1,sho,SECOND,SPACE,sh,o,2,2,1
f2v,f2v.4,3,4,2,cholo,BOUNDARY,o,SPACE,ch,1,4,0
f2v,f2v.4,3,4,2,cholo,SECOND,SPACE,ch,o,2,4,0
f2v,f2v.4,3,4,2,cholo,INTERNAL,ch,o,l,3,4,0
f2v,f2v.4,3,4,2,cholo,INTERNAL,o,l,o,4,4,1
f2v,f2v.4,3,4,3,cheor,BOUNDARY,o,SPACE,ch,1,4,0
f2v,f2v.4,3,4,3,cheor,SECOND,SPACE,ch,e,2,4,0
f2v,f2v.4,3,4,3,cheor,INTERNAL,ch,e,o,3,4,0
f2v,f2v.4,3,4,3,cheor,INTERNAL,e,o,r,4,4,1
f2v,f2v.4,3,4,4,chodaiin,BOUNDARY,r,SPACE,ch,1,7,0
f2v,f2v.4,3,4,4,chodaiin,SECOND,SPACE,ch,o,2,7,0
f2v,f2v.4,3,4,4,chodaiin,INTERNAL,ch,o,d,3,7,0
f2v,f2v.4,3,4,4,chodaiin,INTERNAL,o,d,a,4,7,0
f2v,f2v.4,3,4,4,chodaiin,INTERNAL,d,a,i,5,7,0
f2v,f2v.4,3,4,4,chodaiin,INTERNAL,a,i,i,6,7,0
f2v,f2v.4,3,4,4,chodaiin,INTERNAL,i,i,n,7,7,1
f2v,f2v.5,4,1,1,kchor,START,PARAGRAPH_START,PARAGRAPH_START,k,1,4,0
f2v,f2v.5,4,1,1,kchor,SECOND,SPACE,k,ch,2,4,0
f2v,f2v.5,4,1,1,kchor,INTERNAL,k,ch,o,3,4,0
f2v,f2v.5,4,1,1,kchor,INTERNAL,ch,o,r,4,4,1
f2v,f2v.5,4,1,2,shy,BOUNDARY,r,SPACE,sh,1,2,0
f2v,f2v.5,4,1,2,shy,SECOND,SPACE,sh,y,2,2,1
f2v,f2v.5,4,1,3,daiiin,BOUNDARY,y,SPACE,d,1,6,0
f2v,f2v.5,4,1,3,daiiin,SECOND,SPACE,d,a,2,6,0
f2v,f2v.5,4,1,3,daiiin,INTERNAL,d,a,i,3,6,0
f2v,f2v.5,4,1,3,daiiin,INTERNAL,a,i,i,4,6,0
f2v,f2v.5,4,1,3,daiiin,INTERNAL,i,i,i,5,6,0
f2v,f2v.5,4,1,3,daiiin,INTERNAL,i,i,n,6,6,1
f2v,f2v.5,4,1,4,s,BOUNDARY,n,SPACE,s,1,1,1
f2v,f2v.5,4,1,5,shey,BOUNDARY,s,SPACE,sh,1,3,0
f2v,f2v.5,4,1,5,shey,SECOND,SPACE,sh,e,2,3,0
f2v,f2v.5,4,1,5,shey,INTERNAL,sh,e,y,3,3,1
f2v,f2v.5,4,1,6,dor,BOUNDARY,y,SPACE,d,1,3,0
f2v,f2v.5,4,1,6,dor,SECOND,SPACE,d,o,2,3,0
f2v,f2v.5,4,1,6,dor,INTERNAL,d,o,r,3,3,1
f2v,f2v.5,4,1,7,chol,BOUNDARY,r,SPACE,ch,1,3,0
f2v,f2v.5,4,1,7,chol,SECOND,SPACE,ch,o,2,3,0
f2v,f2v.5,4,1,7,chol,INTERNAL,ch,o,l,3,3,1
f2v,f2v.5,4,1,8,daiin,BOUNDARY,l,SPACE,d,1,5,0
f2v,f2v.5,4,1,8,daiin,SECOND,SPACE,d,a,2,5,0
f2v,f2v.5,4,1,8,daiin,INTERNAL,d,a,i,3,5,0
f2v,f2v.5,4,1,8,daiin,INTERNAL,a,i,i,4,5,0
f2v,f2v.5,4,1,8,daiin,INTERNAL,i,i,n,5,5,1
f2v,f2v.6,4,2,1,dor,RESTART,SPACE,SPACE,d,1,3,0
f2v,f2v.6,4,2,1,dor,SECOND,SPACE,d,o,2,3,0
f2v,f2v.6,4,2,1,dor,INTERNAL,d,o,r,3,3,1
f2v,f2v.6,4,2,2,chol,BOUNDARY,r,SPACE,ch,1,3,0
f2v,f2v.6,4,2,2,chol,SECOND,SPACE,ch,o,2,3,0
f2v,f2v.6,4,2,2,chol,INTERNAL,ch,o,l,3,3,1
f2v,f2v.6,4,2,3,chor,BOUNDARY,l,SPACE,ch,1,3,0
f2v,f2v.6,4,2,3,chor,SECOND,SPACE,ch,o,2,3,0
f2v,f2v.6,4,2,3,chor,INTERNAL,ch,o,r,3,3,1
f2v,f2v.6,4,2,4,chol,BOUNDARY,r,SPACE,ch,1,3,0
f2v,f2v.6,4,2,4,chol,SECOND,SPACE,ch,o,2,3,0
f2v,f2v.6,4,2,4,chol,INTERNAL,ch,o,l,3,3,1
f2v,f2v.6,4,2,5,keol,BOUNDARY,l,SPACE,k,1,4,0
f2v,f2v.6,4,2,5,keol,SECOND,SPACE,k,e,2,4,0
f2v,f2v.6,4,2,5,keol,INTERNAL,k,e,o,3,4,0
f2v,f2v.6,4,2,5,keol,INTERNAL,e,o,l,4,4,1
f2v,f2v.6,4,2,6,chy,BOUNDARY,l,SPACE,ch,1,2,0
f2v,f2v.6,4,2,6,chy,SECOND,SPACE,ch,y,2,2,1
f2v,f2v.6,4,2,7,chty,BOUNDARY,y,SPACE,ch,1,3,0
f2v,f2v.6,4,2,7,chty,SECOND,SPACE,ch,t,2,3,0
f2v,f2v.6,4,2,7,chty,INTERNAL,ch,t,y,3,3,1
f2v,f2v.6,4,2,8,daiin,BOUNDARY,y,SPACE,d,1,5,0
f2v,f2v.6,4,2,8,daiin,SECOND,SPACE,d,a,2,5,0
f2v,f2v.6,4,2,8,daiin,INTERNAL,d,a,i,3,5,0
f2v,f2v.6,4,2,8,daiin,INTERNAL,a,i,i,4,5,0
f2v,f2v.6,4,2,8,daiin,INTERNAL,i,i,n,5,5,1
f2v,f2v.6,4,2,9,o,BOUNDARY,n,SPACE,o,1,1,1
f2v,f2v.6,4,2,10,tchor,BOUNDARY,o,SPACE,t,1,4,0
f2v,f2v.6,4,2,10,tchor,SECOND,SPACE,t,ch,2,4,0
f2v,f2v.6,4,2,10,tchor,INTERNAL,t,ch,o,3,4,0
f2v,f2v.6,4,2,10,tchor,INTERNAL,ch,o,r,4,4,1
f2v,f2v.6,4,2,11,chan,BOUNDARY,r,SPACE,ch,1,3,0
f2v,f2v.6,4,2,11,chan,SECOND,SPACE,ch,a,2,3,0
f2v,f2v.6,4,2,11,chan,INTERNAL,ch,a,n,3,3,1
f2v,f2v.7,4,3,1,daiin,RESTART,SPACE,SPACE,d,1,5,0
f2v,f2v.7,4,3,1,daiin,SECOND,SPACE,d,a,2,5,0
f2v,f2v.7,4,3,1,daiin,INTERNAL,d,a,i,3,5,0
f2v,f2v.7,4,3,1,daiin,INTERNAL,a,i,i,4,5,0
f2v,f2v.7,4,3,1,daiin,INTERNAL,i,i,n,5,5,1
f2v,f2v.7,4,3,2,chotchey,BOUNDARY,n,SPACE,ch,1,6,0
f2v,f2v.7,4,3,2,chotchey,SECOND,SPACE,ch,o,2,6,0
f2v,f2v.7,4,3,2,chotchey,INTERNAL,ch,o,t,3,6,0
f2v,f2v.7,4,3,2,chotchey,INTERNAL,o,t,ch,4,6,0
f2v,f2v.7,4,3,2,chotchey,INTERNAL,t,ch,e,5,6,0
f2v,f2v.7,4,3,2,chotchey,INTERNAL,ch,e,y,6,6,1
f2v,f2v.7,4,3,3,qoteeey,BOUNDARY,y,SPACE,q,1,7,0
f2v,f2v.7,4,3,3,qoteeey,SECOND,SPACE,q,o,2,7,0
f2v,f2v.7,4,3,3,qoteeey,INTERNAL,q,o,t,3,7,0
f2v,f2v.7,4,3,3,qoteeey,INTERNAL,o,t,e,4,7,0
f2v,f2v.7,4,3,3,qoteeey,INTERNAL,t,e,e,5,7,0
f2v,f2v.7,4,3,3,qoteeey,INTERNAL,e,e,e,6,7,0
f2v,f2v.7,4,3,3,qoteeey,INTERNAL,e,e,y,7,7,1
f2v,f2v.7,4,3,4,chokeos,BOUNDARY,y,SPACE,ch,1,6,0
f2v,f2v.7,4,3,4,chokeos,SECOND,SPACE,ch,o,2,6,0
f2v,f2v.7,4,3,4,chokeos,INTERNAL,ch,o,k,3,6,0
f2v,f2v.7,4,3,4,chokeos,INTERNAL,o,k,e,4,6,0
f2v,f2v.7,4,3,4,chokeos,INTERNAL,k,e,o,5,6,0
f2v,f2v.7,4,3,4,chokeos,INTERNAL,e,o,s,6,6,1
f2v,f2v.7,4,3,5,chees,BOUNDARY,s,SPACE,ch,1,4,0
f2v,f2v.7,4,3,5,chees,SECOND,SPACE,ch,e,2,4,0
f2v,f2v.7,4,3,5,chees,INTERNAL,ch,e,e,3,4,0
f2v,f2v.7,4,3,5,chees,INTERNAL,e,e,s,4,4,1
f2v,f2v.7,4,3,6,chr,BOUNDARY,s,SPACE,ch,1,2,0
f2v,f2v.7,4,3,6,chr,SECOND,SPACE,ch,r,2,2,1
f2v,f2v.7,4,3,7,cheaiin,BOUNDARY,r,SPACE,ch,1,6,0
f2v,f2v.7,4,3,7,cheaiin,SECOND,SPACE,ch,e,2,6,0
f2v,f2v.7,4,3,7,cheaiin,INTERNAL,ch,e,a,3,6,0
f2v,f2v.7,4,3,7,cheaiin,INTERNAL,e,a,i,4,6,0
f2v,f2v.7,4,3,7,cheaiin,INTERNAL,a,i,i,5,6,0
f2v,f2v.7,4,3,7,cheaiin,INTERNAL,i,i,n,6,6,1
f2v,f2v.8,4,4,1,chokoishe,RESTART,SPACE,SPACE,ch,1,7,0
f2v,f2v.8,4,4,1,chokoishe,SECOND,SPACE,ch,o,2,7,0
f2v,f2v.8,4,4,1,chokoishe,INTERNAL,ch,o,k,3,7,0
f2v,f2v.8,4,4,1,chokoishe,INTERNAL,o,k,o,4,7,0
f2v,f2v.8,4,4,1,chokoishe,INTERNAL,k,o,i,5,7,0
f2v,f2v.8,4,4,1,chokoishe,INTERNAL,o,i,sh,6,7,0
f2v,f2v.8,4,4,1,chokoishe,INTERNAL,i,sh,e,7,7,1
f2v,f2v.8,4,4,2,chor,BOUNDARY,e,SPACE,ch,1,3,0
f2v,f2v.8,4,4,2,chor,SECOND,SPACE,ch,o,2,3,0
f2v,f2v.8,4,4,2,chor,INTERNAL,ch,o,r,3,3,1
f2v,f2v.8,4,4,3,cheol,BOUNDARY,r,SPACE,ch,1,4,0
f2v,f2v.8,4,4,3,cheol,SECOND,SPACE,ch,e,2,4,0
f2v,f2v.8,4,4,3,cheol,INTERNAL,ch,e,o,3,4,0
f2v,f2v.8,4,4,3,cheol,INTERNAL,e,o,l,4,4,1
f2v,f2v.8,4,4,4,chol,BOUNDARY,l,SPACE,ch,1,3,0
f2v,f2v.8,4,4,4,chol,SECOND,SPACE,ch,o,2,3,0
f2v,f2v.8,4,4,4,chol,INTERNAL,ch,o,l,3,3,1
f2v,f2v.8,4,4,5,dolody,BOUNDARY,l,SPACE,d,1,6,0
f2v,f2v.8,4,4,5,dolody,SECOND,SPACE,d,o,2,6,0
f2v,f2v.8,4,4,5,dolody,INTERNAL,d,o,l,3,6,0
f2v,f2v.8,4,4,5,dolody,INTERNAL,o,l,o,4,6,0
f2v,f2v.8,4,4,5,dolody,INTERNAL,l,o,d,5,6,0
f2v,f2v.8,4,4,5,dolody,INTERNAL,o,d,y,6,6,1
f7r,f7r.1,5,1,1,fchodaiin,START,PARAGRAPH_START,PARAGRAPH_START,f,1,8,0
f7r,f7r.1,5,1,1,fchodaiin,SECOND,SPACE,f,ch,2,8,0
f7r,f7r.1,5,1,1,fchodaiin,INTERNAL,f,ch,o,3,8,0
f7r,f7r.1,5,1,1,fchodaiin,INTERNAL,ch,o,d,4,8,0
f7r,f7r.1,5,1,1,fchodaiin,INTERNAL,o,d,a,5,8,0
f7r,f7r.1,5,1,1,fchodaiin,INTERNAL,d,a,i,6,8,0
f7r,f7r.1,5,1,1,fchodaiin,INTERNAL,a,i,i,7,8,0
f7r,f7r.1,5,1,1,fchodaiin,INTERNAL,i,i,n,8,8,1
f7r,f7r.1,5,1,2,shopchey,BOUNDARY,n,SPACE,sh,1,6,0
f7r,f7r.1,5,1,2,shopchey,SECOND,SPACE,sh,o,2,6,0
f7r,f7r.1,5,1,2,shopchey,INTERNAL,sh,o,p,3,6,0
f7r,f7r.1,5,1,2,shopchey,INTERNAL,o,p,ch,4,6,0
f7r,f7r.1,5,1,2,shopchey,INTERNAL,p,ch,e,5,6,0
f7r,f7r.1,5,1,2,shopchey,INTERNAL,ch,e,y,6,6,1
f7r,f7r.1,5,1,3,qko,BOUNDARY,y,SPACE,q,1,3,0
f7r,f7r.1,5,1,3,qko,SECOND,SPACE,q,k,2,3,0
f7r,f7r.1,5,1,3,qko,INTERNAL,q,k,o,3,3,1
f7r,f7r.1,5,1,4,shey,BOUNDARY,o,SPACE,sh,1,3,0
f7r,f7r.1,5,1,4,shey,SECOND,SPACE,sh,e,2,3,0
f7r,f7r.1,5,1,4,shey,INTERNAL,sh,e,y,3,3,1
f7r,f7r.1,5,1,5,qoos,BOUNDARY,y,SPACE,q,1,4,0
f7r,f7r.1,5,1,5,qoos,SECOND,SPACE,q,o,2,4,0
f7r,f7r.1,5,1,5,qoos,INTERNAL,q,o,o,3,4,0
f7r,f7r.1,5,1,5,qoos,INTERNAL,o,o,s,4,4,1
f7r,f7r.1,5,1,6,sheey,BOUNDARY,s,SPACE,sh,1,4,0
f7r,f7r.1,5,1,6,sheey,SECOND,SPACE,sh,e,2,4,0
f7r,f7r.1,5,1,6,sheey,INTERNAL,sh,e,e,3,4,0
f7r,f7r.1,5,1,6,sheey,INTERNAL,e,e,y,4,4,1
f7r,f7r.1,5,1,7,charochy,BOUNDARY,y,SPACE,ch,1,6,0
f7r,f7r.1,5,1,7,charochy,SECOND,SPACE,ch,a,2,6,0
f7r,f7r.1,5,1,7,charochy,INTERNAL,ch,a,r,3,6,0
f7r,f7r.1,5,1,7,charochy,INTERNAL,a,r,o,4,6,0
f7r,f7r.1,5,1,7,charochy,INTERNAL,r,o,ch,5,6,0
f7r,f7r.1,5,1,7,charochy,INTERNAL,o,ch,y,6,6,1
f7r,f7r.2,5,2,1,dcheey,RESTART,SPACE,SPACE,d,1,5,0
f7r,f7r.2,5,2,1,dcheey,SECOND,SPACE,d,ch,2,5,0
f7r,f7r.2,5,2,1,dcheey,INTERNAL,d,ch,e,3,5,0
f7r,f7r.2,5,2,1,dcheey,INTERNAL,ch,e,e,4,5,0
f7r,f7r.2,5,2,1,dcheey,INTERNAL,e,e,y,5,5,1
f7r,f7r.2,5,2,2,keo,BOUNDARY,y,SPACE,k,1,3,0
f7r,f7r.2,5,2,2,keo,SECOND,SPACE,k,e,2,3,0
f7r,f7r.2,5,2,2,keo,INTERNAL,k,e,o,3,3,1
f7r,f7r.2,5,2,3,r,BOUNDARY,o,SPACE,r,1,1,1
f7r,f7r.2,5,2,4,shor,BOUNDARY,r,SPACE,sh,1,3,0
f7r,f7r.2,5,2,4,shor,SECOND,SPACE,sh,o,2,3,0
f7r,f7r.2,5,2,4,shor,INTERNAL,sh,o,r,3,3,1
f7r,f7r.2,5,2,5,dold,BOUNDARY,r,SPACE,d,1,4,0
f7r,f7r.2,5,2,5,dold,SECOND,SPACE,d,o,2,4,0
f7r,f7r.2,5,2,5,dold,INTERNAL,d,o,l,3,4,0
f7r,f7r.2,5,2,5,dold,INTERNAL,o,l,d,4,4,1
f7r,f7r.2,5,2,6,dchey,BOUNDARY,d,SPACE,d,1,4,0
f7r,f7r.2,5,2,6,dchey,SECOND,SPACE,d,ch,2,4,0
f7r,f7r.2,5,2,6,dchey,INTERNAL,d,ch,e,3,4,0
f7r,f7r.2,5,2,6,dchey,INTERNAL,ch,e,y,4,4,1
f7r,f7r.2,5,2,7,kchey,BOUNDARY,y,SPACE,k,1,4,0
f7r,f7r.2,5,2,7,kchey,SECOND,SPACE,k,ch,2,4,0
f7r,f7r.2,5,2,7,kchey,INTERNAL,k,ch,e,3,4,0
f7r,f7r.2,5,2,7,kchey,INTERNAL,ch,e,y,4,4,1
f7r,f7r.2,5,2,8,otchy,BOUNDARY,y,SPACE,o,1,4,0
f7r,f7r.2,5,2,8,otchy,SECOND,SPACE,o,t,2,4,0
f7r,f7r.2,5,2,8,otchy,INTERNAL,o,t,ch,3,4,0
f7r,f7r.2,5,2,8,otchy,INTERNAL,t,ch,y,4,4,1
f7r,f7r.2,5,2,9,cheody,BOUNDARY,y,SPACE,ch,1,5,0
f7r,f7r.2,5,2,9,cheody,SECOND,SPACE,ch,e,2,5,0
f7r,f7r.2,5,2,9,cheody,INTERNAL,ch,e,o,3,5,0
f7r,f7r.2,5,2,9,cheody,INTERNAL,e,o,d,4,5,0
f7r,f7r.2,5,2,9,cheody,INTERNAL,o,d,y,5,5,1
f7r,f7r.3,5,3,1,oeeees,RESTART,SPACE,SPACE,o,1,6,0
f7r,f7r.3,5,3,1,oeeees,SECOND,SPACE,o,e,2,6,0
f7r,f7r.3,5,3,1,oeeees,INTERNAL,o,e,e,3,6,0
f7r,f7r.3,5,3,1,oeeees,INTERNAL,e,e,e,4,6,0
f7r,f7r.3,5,3,1,oeeees,INTERNAL,e,e,e,5,6,0
f7r,f7r.3,5,3,1,oeeees,INTERNAL,e,e,s,6,6,1
f7r,f7r.3,5,3,2,cheodaiin,BOUNDARY,s,SPACE,ch,1,8,0
f7r,f7r.3,5,3,2,cheodaiin,SECOND,SPACE,ch,e,2,8,0
f7r,f7r.3,5,3,2,cheodaiin,INTERNAL,ch,e,o,3,8,0
f7r,f7r.3,5,3,2,cheodaiin,INTERNAL,e,o,d,4,8,0
f7r,f7r.3,5,3,2,cheodaiin,INTERNAL,o,d,a,5,8,0
f7r,f7r.3,5,3,2,cheodaiin,INTERNAL,d,a,i,6,8,0
f7r,f7r.3,5,3,2,cheodaiin,INTERNAL,a,i,i,7,8,0
f7r,f7r.3,5,3,2,cheodaiin,INTERNAL,i,i,n,8,8,1
f7r,f7r.3,5,3,3,sheey,BOUNDARY,n,SPACE,sh,1,4,0
f7r,f7r.3,5,3,3,sheey,SECOND,SPACE,sh,e,2,4,0
f7r,f7r.3,5,3,3,sheey,INTERNAL,sh,e,e,3,4,0
f7r,f7r.3,5,3,3,sheey,INTERNAL,e,e,y,4,4,1
f7r,f7r.3,5,3,4,ytcheey,BOUNDARY,y,SPACE,y,1,6,0
f7r,f7r.3,5,3,4,ytcheey,SECOND,SPACE,y,t,2,6,0
f7r,f7r.3,5,3,4,ytcheey,INTERNAL,y,t,ch,3,6,0
f7r,f7r.3,5,3,4,ytcheey,INTERNAL,t,ch,e,4,6,0
f7r,f7r.3,5,3,4,ytcheey,INTERNAL,ch,e,e,5,6,0
f7r,f7r.3,5,3,4,ytcheey,INTERNAL,e,e,y,6,6,1
f7r,f7r.3,5,3,5,qotchy,BOUNDARY,y,SPACE,q,1,5,0
f7r,f7r.3,5,3,5,qotchy,SECOND,SPACE,q,o,2,5,0
f7r,f7r.3,5,3,5,qotchy,INTERNAL,q,o,t,3,5,0
f7r,f7r.3,5,3,5,qotchy,INTERNAL,o,t,ch,4,5,0
f7r,f7r.3,5,3,5,qotchy,INTERNAL,t,ch,y,5,5,1
f7r,f7r.3,5,3,6,chald,BOUNDARY,y,SPACE,ch,1,4,0
f7r,f7r.3,5,3,6,chald,SECOND,SPACE,ch,a,2,4,0
f7r,f7r.3,5,3,6,chald,INTERNAL,ch,a,l,3,4,0
f7r,f7r.3,5,3,6,chald,INTERNAL,a,l,d,4,4,1
f7r,f7r.4,5,4,1,qokcho,RESTART,SPACE,SPACE,q,1,5,0
f7r,f7r.4,5,4,1,qokcho,SECOND,SPACE,q,o,2,5,0
f7r,f7r.4,5,4,1,qokcho,INTERNAL,q,o,k,3,5,0
f7r,f7r.4,5,4,1,qokcho,INTERNAL,o,k,ch,4,5,0
f7r,f7r.4,5,4,1,qokcho,INTERNAL,k,ch,o,5,5,1
f7r,f7r.4,5,4,2,cho,BOUNDARY,o,SPACE,ch,1,2,0
f7r,f7r.4,5,4,2,cho,SECOND,SPACE,ch,o,2,2,1
f7r,f7r.4,5,4,3,lochey,BOUNDARY,o,SPACE,l,1,5,0
f7r,f7r.4,5,4,3,lochey,SECOND,SPACE,l,o,2,5,0
f7r,f7r.4,5,4,3,lochey,INTERNAL,l,o,ch,3,5,0
f7r,f7r.4,5,4,3,lochey,INTERNAL,o,ch,e,4,5,0
f7r,f7r.4,5,4,3,lochey,INTERNAL,ch,e,y,5,5,1
f7r,f7r.4,5,4,4,daiin,BOUNDARY,y,SPACE,d,1,5,0
f7r,f7r.4,5,4,4,daiin,SECOND,SPACE,d,a,2,5,0
f7r,f7r.4,5,4,4,daiin,INTERNAL,d,a,i,3,5,0
f7r,f7r.4,5,4,4,daiin,INTERNAL,a,i,i,4,5,0
f7r,f7r.4,5,4,4,daiin,INTERNAL,i,i,n,5,5,1
f7r,f7r.4,5,4,5,ychey,BOUNDARY,n,SPACE,y,1,4,0
f7r,f7r.4,5,4,5,ychey,SECOND,SPACE,y,ch,2,4,0
f7r,f7r.4,5,4,5,ychey,INTERNAL,y,ch,e,3,4,0
f7r,f7r.4,5,4,5,ychey,INTERNAL,ch,e,y,4,4,1
f7r,f7r.4,5,4,6,kchos,BOUNDARY,y,SPACE,k,1,4,0
f7r,f7r.4,5,4,6,kchos,SECOND,SPACE,k,ch,2,4,0
f7r,f7r.4,5,4,6,kchos,INTERNAL,k,ch,o,3,4,0
f7r,f7r.4,5,4,6,kchos,INTERNAL,ch,o,s,4,4,1
f7r,f7r.4,5,4,7,odaiin,BOUNDARY,s,SPACE,o,1,6,0
f7r,f7r.4,5,4,7,odaiin,SECOND,SPACE,o,d,2,6,0
f7r,f7r.4,5,4,7,odaiin,INTERNAL,o,d,a,3,6,0
f7r,f7r.4,5,4,7,odaiin,INTERNAL,d,a,i,4,6,0
f7r,f7r.4,5,4,7,odaiin,INTERNAL,a,i,i,5,6,0
f7r,f7r.4,5,4,7,odaiin,INTERNAL,i,i,n,6,6,1
f7r,f7r.5,5,5,1,oaiir,RESTART,SPACE,SPACE,o,1,5,0
f7r,f7r.5,5,5,1,oaiir,SECOND,SPACE,o,a,2,5,0
f7r,f7r.5,5,5,1,oaiir,INTERNAL,o,a,i,3,5,0
f7r,f7r.5,5,5,1,oaiir,INTERNAL,a,i,i,4,5,0
f7r,f7r.5,5,5,1,oaiir,INTERNAL,i,i,r,5,5,1
f7r,f7r.5,5,5,2,otaiin,BOUNDARY,r,SPACE,o,1,6,0
f7r,f7r.5,5,5,2,otaiin,SECOND,SPACE,o,t,2,6,0
f7r,f7r.5,5,5,2,otaiin,INTERNAL,o,t,a,3,6,0
f7r,f7r.5,5,5,2,otaiin,INTERNAL,t,a,i,4,6,0
f7r,f7r.5,5,5,2,otaiin,INTERNAL,a,i,i,5,6,0
f7r,f7r.5,5,5,2,otaiin,INTERNAL,i,i,n,6,6,1
f7r,f7r.6,6,1,1,ksholo,START,PARAGRAPH_START,PARAGRAPH_START,k,1,5,0
f7r,f7r.6,6,1,1,ksholo,SECOND,SPACE,k,sh,2,5,0
f7r,f7r.6,6,1,1,ksholo,INTERNAL,k,sh,o,3,5,0
f7r,f7r.6,6,1,1,ksholo,INTERNAL,sh,o,l,4,5,0
f7r,f7r.6,6,1,1,ksholo,INTERNAL,o,l,o,5,5,1
f7r,f7r.6,6,1,2,chey,BOUNDARY,o,SPACE,ch,1,3,0
f7r,f7r.6,6,1,2,chey,SECOND,SPACE,ch,e,2,3,0
f7r,f7r.6,6,1,2,chey,INTERNAL,ch,e,y,3,3,1
f7r,f7r.6,6,1,3,qotoees,BOUNDARY,y,SPACE,q,1,7,0
f7r,f7r.6,6,1,3,qotoees,SECOND,SPACE,q,o,2,7,0
f7r,f7r.6,6,1,3,qotoees,INTERNAL,q,o,t,3,7,0
f7r,f7r.6,6,1,3,qotoees,INTERNAL,o,t,o,4,7,0
f7r,f7r.6,6,1,3,qotoees,INTERNAL,t,o,e,5,7,0
f7r,f7r.6,6,1,3,qotoees,INTERNAL,o,e,e,6,7,0
f7r,f7r.6,6,1,3,qotoees,INTERNAL,e,e,s,7,7,1
f7r,f7r.6,6,1,4,chkoldy,BOUNDARY,s,SPACE,ch,1,6,0
f7r,f7r.6,6,1,4,chkoldy,SECOND,SPACE,ch,k,2,6,0
f7r,f7r.6,6,1,4,chkoldy,INTERNAL,ch,k,o,3,6,0
f7r,f7r.6,6,1,4,chkoldy,INTERNAL,k,o,l,4,6,0
f7r,f7r.6,6,1,4,chkoldy,INTERNAL,o,l,d,5,6,0
f7r,f7r.6,6,1,4,chkoldy,INTERNAL,l,d,y,6,6,1
f7r,f7r.6,6,1,5,otchor,BOUNDARY,y,SPACE,o,1,5,0
f7r,f7r.6,6,1,5,otchor,SECOND,SPACE,o,t,2,5,0
f7r,f7r.6,6,1,5,otchor,INTERNAL,o,t,ch,3,5,0
f7r,f7r.6,6,1,5,otchor,INTERNAL,t,ch,o,4,5,0
f7r,f7r.6,6,1,5,otchor,INTERNAL,ch,o,r,5,5,1
f7r,f7r.6,6,1,6,choaiin,BOUNDARY,r,SPACE,ch,1,6,0
f7r,f7r.6,6,1,6,choaiin,SECOND,SPACE,ch,o,2,6,0
f7r,f7r.6,6,1,6,choaiin,INTERNAL,ch,o,a,3,6,0
f7r,f7r.6,6,1,6,choaiin,INTERNAL,o,a,i,4,6,0
f7r,f7r.6,6,1,6,choaiin,INTERNAL,a,i,i,5,6,0
f7r,f7r.6,6,1,6,choaiin,INTERNAL,i,i,n,6,6,1
f7r,f7r.7,6,2,1,dshoy,RESTART,SPACE,SPACE,d,1,4,0
f7r,f7r.7,6,2,1,dshoy,SECOND,SPACE,d,sh,2,4,0
f7r,f7r.7,6,2,1,dshoy,INTERNAL,d,sh,o,3,4,0
f7r,f7r.7,6,2,1,dshoy,INTERNAL,sh,o,y,4,4,1
f7r,f7r.7,6,2,2,cthol,BOUNDARY,y,SPACE,cth,1,3,0
f7r,f7r.7,6,2,2,cthol,SECOND,SPACE,cth,o,2,3,0
f7r,f7r.7,6,2,2,cthol,INTERNAL,cth,o,l,3,3,1
f7r,f7r.7,6,2,3,chol,BOUNDARY,l,SPACE,ch,1,3,0
f7r,f7r.7,6,2,3,chol,SECOND,SPACE,ch,o,2,3,0
f7r,f7r.7,6,2,3,chol,INTERNAL,ch,o,l,3,3,1
f7r,f7r.7,6,2,4,otchol,BOUNDARY,l,SPACE,o,1,5,0
f7r,f7r.7,6,2,4,otchol,SECOND,SPACE,o,t,2,5,0
f7r,f7r.7,6,2,4,otchol,INTERNAL,o,t,ch,3,5,0
f7r,f7r.7,6,2,4,otchol,INTERNAL,t,ch,o,4,5,0
f7r,f7r.7,6,2,4,otchol,INTERNAL,ch,o,l,5,5,1
f7r,f7r.7,6,2,5,dain,BOUNDARY,l,SPACE,d,1,4,0
f7r,f7r.7,6,2,5,dain,SECOND,SPACE,d,a,2,4,0
f7r,f7r.7,6,2,5,dain,INTERNAL,d,a,i,3,4,0
f7r,f7r.7,6,2,5,dain,INTERNAL,a,i,n,4,4,1
f7r,f7r.7,6,2,6,shody,BOUNDARY,n,SPACE,sh,1,4,0
f7r,f7r.7,6,2,6,shody,SECOND,SPACE,sh,o,2,4,0
f7r,f7r.7,6,2,6,shody,INTERNAL,sh,o,d,3,4,0
f7r,f7r.7,6,2,6,shody,INTERNAL,o,d,y,4,4,1
f7r,f7r.7,6,2,7,shol,BOUNDARY,y,SPACE,sh,1,3,0
f7r,f7r.7,6,2,7,shol,SECOND,SPACE,sh,o,2,3,0
f7r,f7r.7,6,2,7,shol,INTERNAL,sh,o,l,3,3,1
f7r,f7r.7,6,2,8,chotchy,BOUNDARY,l,SPACE,ch,1,5,0
f7r,f7r.7,6,2,8,chotchy,SECOND,SPACE,ch,o,2,5,0
f7r,f7r.7,6,2,8,chotchy,INTERNAL,ch,o,t,3,5,0
f7r,f7r.7,6,2,8,chotchy,INTERNAL,o,t,ch,4,5,0
f7r,f7r.7,6,2,8,chotchy,INTERNAL,t,ch,y,5,5,1
f7r,f7r.8,6,3,1,okchey,RESTART,SPACE,SPACE,o,1,5,0
f7r,f7r.8,6,3,1,okchey,SECOND,SPACE,o,k,2,5,0
f7r,f7r.8,6,3,1,okchey,INTERNAL,o,k,ch,3,5,0
f7r,f7r.8,6,3,1,okchey,INTERNAL,k,ch,e,4,5,0
f7r,f7r.8,6,3,1,okchey,INTERNAL,ch,e,y,5,5,1
f7r,f7r.8,6,3,2,deeeese,BOUNDARY,y,SPACE,d,1,7,0
f7r,f7r.8,6,3,2,deeeese,SECOND,SPACE,d,e,2,7,0
f7r,f7r.8,6,3,2,deeeese,INTERNAL,d,e,e,3,7,0
f7r,f7r.8,6,3,2,deeeese,INTERNAL,e,e,e,4,7,0
f7r,f7r.8,6,3,2,deeeese,INTERNAL,e,e,e,5,7,0
f7r,f7r.8,6,3,2,deeeese,INTERNAL,e,e,s,6,7,0
f7r,f7r.8,6,3,2,deeeese,INTERNAL,e,s,e,7,7,1
f7r,f7r.8,6,3,3,choty,BOUNDARY,e,SPACE,ch,1,4,0
f7r,f7r.8,6,3,3,choty,SECOND,SPACE,ch,o,2,4,0
f7r,f7r.8,6,3,3,choty,INTERNAL,ch,o,t,3,4,0
f7r,f7r.8,6,3,3,choty,INTERNAL,o,t,y,4,4,1
f7r,f7r.8,6,3,4,qokchy,BOUNDARY,y,SPACE,q,1,5,0
f7r,f7r.8,6,3,4,qokchy,SECOND,SPACE,q,o,2,5,0
f7r,f7r.8,6,3,4,qokchy,INTERNAL,q,o,k,3,5,0
f7r,f7r.8,6,3,4,qokchy,INTERNAL,o,k,ch,4,5,0
f7r,f7r.8,6,3,4,qokchy,INTERNAL,k,ch,y,5,5,1
f7r,f7r.8,6,3,5,shol,BOUNDARY,y,SPACE,sh,1,3,0
f7r,f7r.8,6,3,5,shol,SECOND,SPACE,sh,o,2,3,0
f7r,f7r.8,6,3,5,shol,INTERNAL,sh,o,l,3,3,1
f7r,f7r.8,6,3,6,keey,BOUNDARY,l,SPACE,k,1,4,0
f7r,f7r.8,6,3,6,keey,SECOND,SPACE,k,e,2,4,0
f7r,f7r.8,6,3,6,keey,INTERNAL,k,e,e,3,4,0
f7r,f7r.8,6,3,6,keey,INTERNAL,e,e,y,4,4,1
f7r,f7r.8,6,3,7,choty,BOUNDARY,y,SPACE,ch,1,4,0
f7r,f7r.8,6,3,7,choty,SECOND,SPACE,ch,o,2,4,0
f7r,f7r.8,6,3,7,choty,INTERNAL,ch,o,t,3,4,0
f7r,f7r.8,6,3,7,choty,INTERNAL,o,t,y,4,4,1
f7r,f7r.8,6,3,8,dain,BOUNDARY,y,SPACE,d,1,4,0
f7r,f7r.8,6,3,8,dain,SECOND,SPACE,d,a,2,4,0
f7r,f7r.8,6,3,8,dain,INTERNAL,d,a,i,3,4,0
f7r,f7r.8,6,3,8,dain,INTERNAL,a,i,n,4,4,1
f7r,f7r.9,6,4,1,qokechy,RESTART,SPACE,SPACE,q,1,6,0
f7r,f7r.9,6,4,1,qokechy,SECOND,SPACE,q,o,2,6,0
f7r,f7r.9,6,4,1,qokechy,INTERNAL,q,o,k,3,6,0
f7r,f7r.9,6,4,1,qokechy,INTERNAL,o,k,e,4,6,0
f7r,f7r.9,6,4,1,qokechy,INTERNAL,k,e,ch,5,6,0
f7r,f7r.9,6,4,1,qokechy,INTERNAL,e,ch,y,6,6,1
f7r,f7r.9,6,4,2,ol,BOUNDARY,y,SPACE,o,1,2,0
f7r,f7r.9,6,4,2,ol,SECOND,SPACE,o,l,2,2,1
f7r,f7r.9,6,4,3,choiin,BOUNDARY,l,SPACE,ch,1,5,0
f7r,f7r.9,6,4,3,choiin,SECOND,SPACE,ch,o,2,5,0
f7r,f7r.9,6,4,3,choiin,INTERNAL,ch,o,i,3,5,0
f7r,f7r.9,6,4,3,choiin,INTERNAL,o,i,i,4,5,0
f7r,f7r.9,6,4,3,choiin,INTERNAL,i,i,n,5,5,1
f7r,f7r.9,6,4,4,chol,BOUNDARY,n,SPACE,ch,1,3,0
f7r,f7r.9,6,4,4,chol,SECOND,SPACE,ch,o,2,3,0
f7r,f7r.9,6,4,4,chol,INTERNAL,ch,o,l,3,3,1
f7r,f7r.9,6,4,5,cphey,BOUNDARY,l,SPACE,cph,1,3,0
f7r,f7r.9,6,4,5,cphey,SECOND,SPACE,cph,e,2,3,0
f7r,f7r.9,6,4,5,cphey,INTERNAL,cph,e,y,3,3,1
f7r,f7r.9,6,4,6,shckhy,BOUNDARY,y,SPACE,sh,1,3,0
f7r,f7r.9,6,4,6,shckhy,SECOND,SPACE,sh,ckh,2,3,0
f7r,f7r.9,6,4,6,shckhy,INTERNAL,sh,ckh,y,3,3,1
f7r,f7r.9,6,4,7,chochy,BOUNDARY,y,SPACE,ch,1,4,0
f7r,f7r.9,6,4,7,chochy,SECOND,SPACE,ch,o,2,4,0
f7r,f7r.9,6,4,7,chochy,INTERNAL,ch,o,ch,3,4,0
f7r,f7r.9,6,4,7,chochy,INTERNAL,o,ch,y,4,4,1
f7r,f7r.9,6,4,8,kchod,BOUNDARY,y,SPACE,k,1,4,0
f7r,f7r.9,6,4,8,kchod,SECOND,SPACE,k,ch,2,4,0
f7r,f7r.9,6,4,8,kchod,INTERNAL,k,ch,o,3,4,0
f7r,f7r.9,6,4,8,kchod,INTERNAL,ch,o,d,4,4,1
f7r,f7r.10,6,5,1,s,RESTART,SPACE,SPACE,s,1,1,1
f7r,f7r.10,6,5,2,chain,BOUNDARY,s,SPACE,ch,1,4,0
f7r,f7r.10,6,5,2,chain,SECOND,SPACE,ch,a,2,4,0
f7r,f7r.10,6,5,2,chain,INTERNAL,ch,a,i,3,4,0
f7r,f7r.10,6,5,2,chain,INTERNAL,a,i,n,4,4,1
f7r,f7r.10,6,5,3,chor,BOUNDARY,n,SPACE,ch,1,3,0
f7r,f7r.10,6,5,3,chor,SECOND,SPACE,ch,o,2,3,0
f7r,f7r.10,6,5,3,chor,INTERNAL,ch,o,r,3,3,1
f7r,f7r.10,6,5,4,daiin,BOUNDARY,r,SPACE,d,1,5,0
f7r,f7r.10,6,5,4,daiin,SECOND,SPACE,d,a,2,5,0
f7r,f7r.10,6,5,4,daiin,INTERNAL,d,a,i,3,5,0
f7r,f7r.10,6,5,4,daiin,INTERNAL,a,i,i,4,5,0
f7r,f7r.10,6,5,4,daiin,INTERNAL,i,i,n,5,5,1
f7r,f7r.10,6,5,5,chckhy,BOUNDARY,n,SPACE,ch,1,3,0
f7r,f7r.10,6,5,5,chckhy,SECOND,SPACE,ch,ckh,2,3,0
f7r,f7r.10,6,5,5,chckhy,INTERNAL,ch,ckh,y,3,3,1
f7v,f7v.1,7,1,1,polyshy,START,PARAGRAPH_START,PARAGRAPH_START,p,1,6,0
f7v,f7v.1,7,1,1,polyshy,SECOND,SPACE,p,o,2,6,0
f7v,f7v.1,7,1,1,polyshy,INTERNAL,p,o,l,3,6,0
f7v,f7v.1,7,1,1,polyshy,INTERNAL,o,l,y,4,6,0
f7v,f7v.1,7,1,1,polyshy,INTERNAL,l,y,sh,5,6,0
f7v,f7v.1,7,1,1,polyshy,INTERNAL,y,sh,y,6,6,1
f7v,f7v.1,7,1,2,shey,BOUNDARY,y,SPACE,sh,1,3,0
f7v,f7v.1,7,1,2,shey,SECOND,SPACE,sh,e,2,3,0
f7v,f7v.1,7,1,2,shey,INTERNAL,sh,e,y,3,3,1
f7v,f7v.1,7,1,3,tchody,BOUNDARY,y,SPACE,t,1,5,0
f7v,f7v.1,7,1,3,tchody,SECOND,SPACE,t,ch,2,5,0
f7v,f7v.1,7,1,3,tchody,INTERNAL,t,ch,o,3,5,0
f7v,f7v.1,7,1,3,tchody,INTERNAL,ch,o,d,4,5,0
f7v,f7v.1,7,1,3,tchody,INTERNAL,o,d,y,5,5,1
f7v,f7v.1,7,1,4,qopchy,BOUNDARY,y,SPACE,q,1,5,0
f7v,f7v.1,7,1,4,qopchy,SECOND,SPACE,q,o,2,5,0
f7v,f7v.1,7,1,4,qopchy,INTERNAL,q,o,p,3,5,0
f7v,f7v.1,7,1,4,qopchy,INTERNAL,o,p,ch,4,5,0
f7v,f7v.1,7,1,4,qopchy,INTERNAL,p,ch,y,5,5,1
f7v,f7v.1,7,1,5,otshol,BOUNDARY,y,SPACE,o,1,5,0
f7v,f7v.1,7,1,5,otshol,SECOND,SPACE,o,t,2,5,0
f7v,f7v.1,7,1,5,otshol,INTERNAL,o,t,sh,3,5,0
f7v,f7v.1,7,1,5,otshol,INTERNAL,t,sh,o,4,5,0
f7v,f7v.1,7,1,5,otshol,INTERNAL,sh,o,l,5,5,1
f7v,f7v.1,7,1,6,dy,BOUNDARY,l,SPACE,d,1,2,0
f7v,f7v.1,7,1,6,dy,SECOND,SPACE,d,y,2,2,1
f7v,f7v.1,7,1,7,daiin,BOUNDARY,y,SPACE,d,1,5,0
f7v,f7v.1,7,1,7,daiin,SECOND,SPACE,d,a,2,5,0
f7v,f7v.1,7,1,7,daiin,INTERNAL,d,a,i,3,5,0
f7v,f7v.1,7,1,7,daiin,INTERNAL,a,i,i,4,5,0
f7v,f7v.1,7,1,7,daiin,INTERNAL,i,i,n,5,5,1
f7v,f7v.1,7,1,8,tshodody,BOUNDARY,n,SPACE,t,1,7,0
f7v,f7v.1,7,1,8,tshodody,SECOND,SPACE,t,sh,2,7,0
f7v,f7v.1,7,1,8,tshodody,INTERNAL,t,sh,o,3,7,0
f7v,f7v.1,7,1,8,tshodody,INTERNAL,sh,o,d,4,7,0
f7v,f7v.1,7,1,8,tshodody,INTERNAL,o,d,o,5,7,0
f7v,f7v.1,7,1,8,tshodody,INTERNAL,d,o,d,6,7,0
f7v,f7v.1,7,1,8,tshodody,INTERNAL,o,d,y,7,7,1
f7v,f7v.2,7,2,1,chochy,RESTART,SPACE,SPACE,ch,1,4,0
f7v,f7v.2,7,2,1,chochy,SECOND,SPACE,ch,o,2,4,0
f7v,f7v.2,7,2,1,chochy,INTERNAL,ch,o,ch,3,4,0
f7v,f7v.2,7,2,1,chochy,INTERNAL,o,ch,y,4,4,1
f7v,f7v.2,7,2,2,cthy,BOUNDARY,y,SPACE,cth,1,2,0
f7v,f7v.2,7,2,2,cthy,SECOND,SPACE,cth,y,2,2,1
f7v,f7v.2,7,2,3,daiin,BOUNDARY,y,SPACE,d,1,5,0
f7v,f7v.2,7,2,3,daiin,SECOND,SPACE,d,a,2,5,0
f7v,f7v.2,7,2,3,daiin,INTERNAL,d,a,i,3,5,0
f7v,f7v.2,7,2,3,daiin,INTERNAL,a,i,i,4,5,0
f7v,f7v.2,7,2,3,daiin,INTERNAL,i,i,n,5,5,1
f7v,f7v.2,7,2,4,qoky,BOUNDARY,n,SPACE,q,1,4,0
f7v,f7v.2,7,2,4,qoky,SECOND,SPACE,q,o,2,4,0
f7v,f7v.2,7,2,4,qoky,INTERNAL,q,o,k,3,4,0
f7v,f7v.2,7,2,4,qoky,INTERNAL,o,k,y,4,4,1
f7v,f7v.2,7,2,5,daiin,BOUNDARY,y,SPACE,d,1,5,0
f7v,f7v.2,7,2,5,daiin,SECOND,SPACE,d,a,2,5,0
f7v,f7v.2,7,2,5,daiin,INTERNAL,d,a,i,3,5,0
f7v,f7v.2,7,2,5,daiin,INTERNAL,a,i,i,4,5,0
f7v,f7v.2,7,2,5,daiin,INTERNAL,i,i,n,5,5,1
f7v,f7v.2,7,2,6,cthol,BOUNDARY,n,SPACE,cth,1,3,0
f7v,f7v.2,7,2,6,cthol,SECOND,SPACE,cth,o,2,3,0
f7v,f7v.2,7,2,6,cthol,INTERNAL,cth,o,l,3,3,1
f7v,f7v.2,7,2,7,cthy,BOUNDARY,l,SPACE,cth,1,2,0
f7v,f7v.2,7,2,7,cthy,SECOND,SPACE,cth,y,2,2,1
f7v,f7v.2,7,2,8,cthd,BOUNDARY,y,SPACE,cth,1,2,0
f7v,f7v.2,7,2,8,cthd,SECOND,SPACE,cth,d,2,2,1
f7v,f7v.3,7,3,1,qokchy,RESTART,SPACE,SPACE,q,1,5,0
f7v,f7v.3,7,3,1,qokchy,SECOND,SPACE,q,o,2,5,0
f7v,f7v.3,7,3,1,qokchy,INTERNAL,q,o,k,3,5,0
f7v,f7v.3,7,3,1,qokchy,INTERNAL,o,k,ch,4,5,0
f7v,f7v.3,7,3,1,qokchy,INTERNAL,k,ch,y,5,5,1
f7v,f7v.3,7,3,2,dykchy,BOUNDARY,y,SPACE,d,1,5,0
f7v,f7v.3,7,3,2,dykchy,SECOND,SPACE,d,y,2,5,0
f7v,f7v.3,7,3,2,dykchy,INTERNAL,d,y,k,3,5,0
f7v,f7v.3,7,3,2,dykchy,INTERNAL,y,k,ch,4,5,0
f7v,f7v.3,7,3,2,dykchy,INTERNAL,k,ch,y,5,5,1
f7v,f7v.3,7,3,3,chkeey,BOUNDARY,y,SPACE,ch,1,5,0
f7v,f7v.3,7,3,3,chkeey,SECOND,SPACE,ch,k,2,5,0
f7v,f7v.3,7,3,3,chkeey,INTERNAL,ch,k,e,3,5,0
f7v,f7v.3,7,3,3,chkeey,INTERNAL,k,e,e,4,5,0
f7v,f7v.3,7,3,3,chkeey,INTERNAL,e,e,y,5,5,1
f7v,f7v.3,7,3,4,kshy,BOUNDARY,y,SPACE,k,1,3,0
f7v,f7v.3,7,3,4,kshy,SECOND,SPACE,k,sh,2,3,0
f7v,f7v.3,7,3,4,kshy,INTERNAL,k,sh,y,3,3,1
f7v,f7v.3,7,3,5,ky,BOUNDARY,y,SPACE,k,1,2,0
f7v,f7v.3,7,3,5,ky,SECOND,SPACE,k,y,2,2,1
f7v,f7v.3,7,3,6,ty,BOUNDARY,y,SPACE,t,1,2,0
f7v,f7v.3,7,3,6,ty,SECOND,SPACE,t,y,2,2,1
f7v,f7v.3,7,3,7,dor,BOUNDARY,y,SPACE,d,1,3,0
f7v,f7v.3,7,3,7,dor,SECOND,SPACE,d,o,2,3,0
f7v,f7v.3,7,3,7,dor,INTERNAL,d,o,r,3,3,1
f7v,f7v.3,7,3,8,cheey,BOUNDARY,r,SPACE,ch,1,4,0
f7v,f7v.3,7,3,8,cheey,SECOND,SPACE,ch,e,2,4,0
f7v,f7v.3,7,3,8,cheey,INTERNAL,ch,e,e,3,4,0
f7v,f7v.3,7,3,8,cheey,INTERNAL,e,e,y,4,4,1
f7v,f7v.3,7,3,9,o,BOUNDARY,y,SPACE,o,1,1,1
f7v,f7v.3,7,3,10,l,BOUNDARY,o,SPACE,l,1,1,1
f7v,f7v.3,7,3,11,cheol,BOUNDARY,l,SPACE,ch,1,4,0
f7v,f7v.3,7,3,11,cheol,SECOND,SPACE,ch,e,2,4,0
f7v,f7v.3,7,3,11,cheol,INTERNAL,ch,e,o,3,4,0
f7v,f7v.3,7,3,11,cheol,INTERNAL,e,o,l,4,4,1
f7v,f7v.3,7,3,12,dy,BOUNDARY,l,SPACE,d,1,2,0
f7v,f7v.3,7,3,12,dy,SECOND,SPACE,d,y,2,2,1
f7v,f7v.4,7,4,1,oeear,RESTART,SPACE,SPACE,o,1,5,0
f7v,f7v.4,7,4,1,oeear,SECOND,SPACE,o,e,2,5,0
f7v,f7v.4,7,4,1,oeear,INTERNAL,o,e,e,3,5,0
f7v,f7v.4,7,4,1,oeear,INTERNAL,e,e,a,4,5,0
f7v,f7v.4,7,4,1,oeear,INTERNAL,e,a,r,5,5,1
f7v,f7v.4,7,4,2,choschy,BOUNDARY,r,SPACE,ch,1,5,0
f7v,f7v.4,7,4,2,choschy,SECOND,SPACE,ch,o,2,5,0
f7v,f7v.4,7,4,2,choschy,INTERNAL,ch,o,s,3,5,0
f7v,f7v.4,7,4,2,choschy,INTERNAL,o,s,ch,4,5,0
f7v,f7v.4,7,4,2,choschy,INTERNAL,s,ch,y,5,5,1
f7v,f7v.4,7,4,3,dain,BOUNDARY,y,SPACE,d,1,4,0
f7v,f7v.4,7,4,3,dain,SECOND,SPACE,d,a,2,4,0
f7v,f7v.4,7,4,3,dain,INTERNAL,d,a,i,3,4,0
f7v,f7v.4,7,4,3,dain,INTERNAL,a,i,n,4,4,1
f7v,f7v.4,7,4,4,sho,BOUNDARY,n,SPACE,sh,1,2,0
f7v,f7v.4,7,4,4,sho,SECOND,SPACE,sh,o,2,2,1
f7v,f7v.4,7,4,5,kshy,BOUNDARY,o,SPACE,k,1,3,0
f7v,f7v.4,7,4,5,kshy,SECOND,SPACE,k,sh,2,3,0
f7v,f7v.4,7,4,5,kshy,INTERNAL,k,sh,y,3,3,1
f7v,f7v.4,7,4,6,shol,BOUNDARY,y,SPACE,sh,1,3,0
f7v,f7v.4,7,4,6,shol,SECOND,SPACE,sh,o,2,3,0
f7v,f7v.4,7,4,6,shol,INTERNAL,sh,o,l,3,3,1
f7v,f7v.4,7,4,7,deees,BOUNDARY,l,SPACE,d,1,5,0
f7v,f7v.4,7,4,7,deees,SECOND,SPACE,d,e,2,5,0
f7v,f7v.4,7,4,7,deees,INTERNAL,d,e,e,3,5,0
f7v,f7v.4,7,4,7,deees,INTERNAL,e,e,e,4,5,0
f7v,f7v.4,7,4,7,deees,INTERNAL,e,e,s,5,5,1
f7v,f7v.4,7,4,8,dol,BOUNDARY,s,SPACE,d,1,3,0
f7v,f7v.4,7,4,8,dol,SECOND,SPACE,d,o,2,3,0
f7v,f7v.4,7,4,8,dol,INTERNAL,d,o,l,3,3,1
f7v,f7v.5,7,5,1,dchodaiin,RESTART,SPACE,SPACE,d,1,8,0
f7v,f7v.5,7,5,1,dchodaiin,SECOND,SPACE,d,ch,2,8,0
f7v,f7v.5,7,5,1,dchodaiin,INTERNAL,d,ch,o,3,8,0
f7v,f7v.5,7,5,1,dchodaiin,INTERNAL,ch,o,d,4,8,0
f7v,f7v.5,7,5,1,dchodaiin,INTERNAL,o,d,a,5,8,0
f7v,f7v.5,7,5,1,dchodaiin,INTERNAL,d,a,i,6,8,0
f7v,f7v.5,7,5,1,dchodaiin,INTERNAL,a,i,i,7,8,0
f7v,f7v.5,7,5,1,dchodaiin,INTERNAL,i,i,n,8,8,1
f7v,f7v.5,7,5,2,qotchy,BOUNDARY,n,SPACE,q,1,5,0
f7v,f7v.5,7,5,2,qotchy,SECOND,SPACE,q,o,2,5,0
f7v,f7v.5,7,5,2,qotchy,INTERNAL,q,o,t,3,5,0
f7v,f7v.5,7,5,2,qotchy,INTERNAL,o,t,ch,4,5,0
f7v,f7v.5,7,5,2,qotchy,INTERNAL,t,ch,y,5,5,1
f7v,f7v.5,7,5,3,cheey,BOUNDARY,y,SPACE,ch,1,4,0
f7v,f7v.5,7,5,3,cheey,SECOND,SPACE,ch,e,2,4,0
f7v,f7v.5,7,5,3,cheey,INTERNAL,ch,e,e,3,4,0
f7v,f7v.5,7,5,3,cheey,INTERNAL,e,e,y,4,4,1
f7v,f7v.5,7,5,4,tcheey,BOUNDARY,y,SPACE,t,1,5,0
f7v,f7v.5,7,5,4,tcheey,SECOND,SPACE,t,ch,2,5,0
f7v,f7v.5,7,5,4,tcheey,INTERNAL,t,ch,e,3,5,0
f7v,f7v.5,7,5,4,tcheey,INTERNAL,ch,e,e,4,5,0
f7v,f7v.5,7,5,4,tcheey,INTERNAL,e,e,y,5,5,1
f7v,f7v.6,8,1,1,kchor,START,PARAGRAPH_START,PARAGRAPH_START,k,1,4,0
f7v,f7v.6,8,1,1,kchor,SECOND,SPACE,k,ch,2,4,0
f7v,f7v.6,8,1,1,kchor,INTERNAL,k,ch,o,3,4,0
f7v,f7v.6,8,1,1,kchor,INTERNAL,ch,o,r,4,4,1
f7v,f7v.6,8,1,2,sheod,BOUNDARY,r,SPACE,sh,1,4,0
f7v,f7v.6,8,1,2,sheod,SECOND,SPACE,sh,e,2,4,0
f7v,f7v.6,8,1,2,sheod,INTERNAL,sh,e,o,3,4,0
f7v,f7v.6,8,1,2,sheod,INTERNAL,e,o,d,4,4,1
f7v,f7v.6,8,1,3,sheodaiin,BOUNDARY,d,SPACE,sh,1,8,0
f7v,f7v.6,8,1,3,sheodaiin,SECOND,SPACE,sh,e,2,8,0
f7v,f7v.6,8,1,3,sheodaiin,INTERNAL,sh,e,o,3,8,0
f7v,f7v.6,8,1,3,sheodaiin,INTERNAL,e,o,d,4,8,0
f7v,f7v.6,8,1,3,sheodaiin,INTERNAL,o,d,a,5,8,0
f7v,f7v.6,8,1,3,sheodaiin,INTERNAL,d,a,i,6,8,0
f7v,f7v.6,8,1,3,sheodaiin,INTERNAL,a,i,i,7,8,0
f7v,f7v.6,8,1,3,sheodaiin,INTERNAL,i,i,n,8,8,1
f7v,f7v.6,8,1,4,sho,BOUNDARY,n,SPACE,sh,1,2,0
f7v,f7v.6,8,1,4,sho,SECOND,SPACE,sh,o,2,2,1
f7v,f7v.6,8,1,5,daiin,BOUNDARY,o,SPACE,d,1,5,0
f7v,f7v.6,8,1,5,daiin,SECOND,SPACE,d,a,2,5,0
f7v,f7v.6,8,1,5,daiin,INTERNAL,d,a,i,3,5,0
f7v,f7v.6,8,1,5,daiin,INTERNAL,a,i,i,4,5,0
f7v,f7v.6,8,1,5,daiin,INTERNAL,i,i,n,5,5,1
f7v,f7v.6,8,1,6,oksho,BOUNDARY,n,SPACE,o,1,4,0
f7v,f7v.6,8,1,6,oksho,SECOND,SPACE,o,k,2,4,0
f7v,f7v.6,8,1,6,oksho,INTERNAL,o,k,sh,3,4,0
f7v,f7v.6,8,1,6,oksho,INTERNAL,k,sh,o,4,4,1
f7v,f7v.6,8,1,7,lshol,BOUNDARY,o,SPACE,l,1,4,0
f7v,f7v.6,8,1,7,lshol,SECOND,SPACE,l,sh,2,4,0
f7v,f7v.6,8,1,7,lshol,INTERNAL,l,sh,o,3,4,0
f7v,f7v.6,8,1,7,lshol,INTERNAL,sh,o,l,4,4,1
f7v,f7v.6,8,1,8,dair,BOUNDARY,l,SPACE,d,1,4,0
f7v,f7v.6,8,1,8,dair,SECOND,SPACE,d,a,2,4,0
f7v,f7v.6,8,1,8,dair,INTERNAL,d,a,i,3,4,0
f7v,f7v.6,8,1,8,dair,INTERNAL,a,i,r,4,4,1
f7v,f7v.6,8,1,9,qos,BOUNDARY,r,SPACE,q,1,3,0
f7v,f7v.6,8,1,9,qos,SECOND,SPACE,q,o,2,3,0
f7v,f7v.6,8,1,9,qos,INTERNAL,q,o,s,3,3,1
f7v,f7v.7,8,2,1,chorcheor,RESTART,SPACE,SPACE,ch,1,7,0
f7v,f7v.7,8,2,1,chorcheor,SECOND,SPACE,ch,o,2,7,0
f7v,f7v.7,8,2,1,chorcheor,INTERNAL,ch,o,r,3,7,0
f7v,f7v.7,8,2,1,chorcheor,INTERNAL,o,r,ch,4,7,0
f7v,f7v.7,8,2,1,chorcheor,INTERNAL,r,ch,e,5,7,0
f7v,f7v.7,8,2,1,chorcheor,INTERNAL,ch,e,o,6,7,0
f7v,f7v.7,8,2,1,chorcheor,INTERNAL,e,o,r,7,7,1
f7v,f7v.7,8,2,2,odaiin,BOUNDARY,r,SPACE,o,1,6,0
f7v,f7v.7,8,2,2,odaiin,SECOND,SPACE,o,d,2,6,0
f7v,f7v.7,8,2,2,odaiin,INTERNAL,o,d,a,3,6,0
f7v,f7v.7,8,2,2,odaiin,INTERNAL,d,a,i,4,6,0
f7v,f7v.7,8,2,2,odaiin,INTERNAL,a,i,i,5,6,0
f7v,f7v.7,8,2,2,odaiin,INTERNAL,i,i,n,6,6,1
f7v,f7v.7,8,2,3,dol,BOUNDARY,n,SPACE,d,1,3,0
f7v,f7v.7,8,2,3,dol,SECOND,SPACE,d,o,2,3,0
f7v,f7v.7,8,2,3,dol,INTERNAL,d,o,l,3,3,1
f7v,f7v.7,8,2,4,dol,BOUNDARY,l,SPACE,d,1,3,0
f7v,f7v.7,8,2,4,dol,SECOND,SPACE,d,o,2,3,0
f7v,f7v.7,8,2,4,dol,INTERNAL,d,o,l,3,3,1
f7v,f7v.7,8,2,5,dor,BOUNDARY,l,SPACE,d,1,3,0
f7v,f7v.7,8,2,5,dor,SECOND,SPACE,d,o,2,3,0
f7v,f7v.7,8,2,5,dor,INTERNAL,d,o,r,3,3,1
f7v,f7v.7,8,2,6,aiin,BOUNDARY,r,SPACE,a,1,4,0
f7v,f7v.7,8,2,6,aiin,SECOND,SPACE,a,i,2,4,0
f7v,f7v.7,8,2,6,aiin,INTERNAL,a,i,i,3,4,0
f7v,f7v.7,8,2,6,aiin,INTERNAL,i,i,n,4,4,1
f7v,f7v.8,8,3,1,qoteeeo,RESTART,SPACE,SPACE,q,1,7,0
f7v,f7v.8,8,3,1,qoteeeo,SECOND,SPACE,q,o,2,7,0
f7v,f7v.8,8,3,1,qoteeeo,INTERNAL,q,o,t,3,7,0
f7v,f7v.8,8,3,1,qoteeeo,INTERNAL,o,t,e,4,7,0
f7v,f7v.8,8,3,1,qoteeeo,INTERNAL,t,e,e,5,7,0
f7v,f7v.8,8,3,1,qoteeeo,INTERNAL,e,e,e,6,7,0
f7v,f7v.8,8,3,1,qoteeeo,INTERNAL,e,e,o,7,7,1
f7v,f7v.8,8,3,2,r,BOUNDARY,o,SPACE,r,1,1,1
f7v,f7v.8,8,3,3,cho,BOUNDARY,r,SPACE,ch,1,2,0
f7v,f7v.8,8,3,3,cho,SECOND,SPACE,ch,o,2,2,1
f7v,f7v.8,8,3,4,cheeody,BOUNDARY,o,SPACE,ch,1,6,0
f7v,f7v.8,8,3,4,cheeody,SECOND,SPACE,ch,e,2,6,0
f7v,f7v.8,8,3,4,cheeody,INTERNAL,ch,e,e,3,6,0
f7v,f7v.8,8,3,4,cheeody,INTERNAL,e,e,o,4,6,0
f7v,f7v.8,8,3,4,cheeody,INTERNAL,e,o,d,5,6,0
f7v,f7v.8,8,3,4,cheeody,INTERNAL,o,d,y,6,6,1
f7v,f7v.8,8,3,5,qotchey,BOUNDARY,y,SPACE,q,1,6,0
f7v,f7v.8,8,3,5,qotchey,SECOND,SPACE,q,o,2,6,0
f7v,f7v.8,8,3,5,qotchey,INTERNAL,q,o,t,3,6,0
f7v,f7v.8,8,3,5,qotchey,INTERNAL,o,t,ch,4,6,0
f7v,f7v.8,8,3,5,qotchey,INTERNAL,t,ch,e,5,6,0
f7v,f7v.8,8,3,5,qotchey,INTERNAL,ch,e,y,6,6,1
f7v,f7v.8,8,3,6,tey,BOUNDARY,y,SPACE,t,1,3,0
f7v,f7v.8,8,3,6,tey,SECOND,SPACE,t,e,2,3,0
f7v,f7v.8,8,3,6,tey,INTERNAL,t,e,y,3,3,1
f7v,f7v.8,8,3,7,o,BOUNDARY,y,SPACE,o,1,1,1
f7v,f7v.8,8,3,8,kcho,BOUNDARY,o,SPACE,k,1,3,0
f7v,f7v.8,8,3,8,kcho,SECOND,SPACE,k,ch,2,3,0
f7v,f7v.8,8,3,8,kcho,INTERNAL,k,ch,o,3,3,1
f7v,f7v.8,8,3,9,r,BOUNDARY,o,SPACE,r,1,1,1
f7v,f7v.8,8,3,10,daiin,BOUNDARY,r,SPACE,d,1,5,0
f7v,f7v.8,8,3,10,daiin,SECOND,SPACE,d,a,2,5,0
f7v,f7v.8,8,3,10,daiin,INTERNAL,d,a,i,3,5,0
f7v,f7v.8,8,3,10,daiin,INTERNAL,a,i,i,4,5,0
f7v,f7v.8,8,3,10,daiin,INTERNAL,i,i,n,5,5,1
f7v,f7v.9,8,4,1,sho,RESTART,SPACE,SPACE,sh,1,2,0
f7v,f7v.9,8,4,1,sho,SECOND,SPACE,sh,o,2,2,1
f7v,f7v.9,8,4,2,keeo,BOUNDARY,o,SPACE,k,1,4,0
f7v,f7v.9,8,4,2,keeo,SECOND,SPACE,k,e,2,4,0
f7v,f7v.9,8,4,2,keeo,INTERNAL,k,e,e,3,4,0
f7v,f7v.9,8,4,2,keeo,INTERNAL,e,e,o,4,4,1
f7v,f7v.9,8,4,3,daiir,BOUNDARY,o,SPACE,d,1,5,0
f7v,f7v.9,8,4,3,daiir,SECOND,SPACE,d,a,2,5,0
f7v,f7v.9,8,4,3,daiir,INTERNAL,d,a,i,3,5,0
f7v,f7v.9,8,4,3,daiir,INTERNAL,a,i,i,4,5,0
f7v,f7v.9,8,4,3,daiir,INTERNAL,i,i,r,5,5,1
f7v,f7v.9,8,4,4,chokchy,BOUNDARY,r,SPACE,ch,1,5,0
f7v,f7v.9,8,4,4,chokchy,SECOND,SPACE,ch,o,2,5,0
f7v,f7v.9,8,4,4,chokchy,INTERNAL,ch,o,k,3,5,0
f7v,f7v.9,8,4,4,chokchy,INTERNAL,o,k,ch,4,5,0
f7v,f7v.9,8,4,4,chokchy,INTERNAL,k,ch,y,5,5,1
f7v,f7v.9,8,4,5,dor,BOUNDARY,y,SPACE,d,1,3,0
f7v,f7v.9,8,4,5,dor,SECOND,SPACE,d,o,2,3,0
f7v,f7v.9,8,4,5,dor,INTERNAL,d,o,r,3,3,1
f7v,f7v.9,8,4,6,deol,BOUNDARY,r,SPACE,d,1,4,0
f7v,f7v.9,8,4,6,deol,SECOND,SPACE,d,e,2,4,0
f7v,f7v.9,8,4,6,deol,INTERNAL,d,e,o,3,4,0
f7v,f7v.9,8,4,6,deol,INTERNAL,e,o,l,4,4,1
f7v,f7v.9,8,4,7,dy,BOUNDARY,l,SPACE,d,1,2,0
f7v,f7v.9,8,4,7,dy,SECOND,SPACE,d,y,2,2,1
f7v,f7v.9,8,4,8,dol,BOUNDARY,y,SPACE,d,1,3,0
f7v,f7v.9,8,4,8,dol,SECOND,SPACE,d,o,2,3,0
f7v,f7v.9,8,4,8,dol,INTERNAL,d,o,l,3,3,1
f7v,f7v.9,8,4,9,daiin,BOUNDARY,l,SPACE,d,1,5,0
f7v,f7v.9,8,4,9,daiin,SECOND,SPACE,d,a,2,5,0
f7v,f7v.9,8,4,9,daiin,INTERNAL,d,a,i,3,5,0
f7v,f7v.9,8,4,9,daiin,INTERNAL,a,i,i,4,5,0
f7v,f7v.9,8,4,9,daiin,INTERNAL,i,i,n,5,5,1
