class,state_1,state_2,output,depth_after_output,terminates,count
BOUNDARY,d,SPACE,d,1,0,3
BOUNDARY,d,SPACE,sh,1,0,1
BOUNDARY,e,SPACE,ch,1,0,2
BOUNDARY,l,SPACE,ch,1,0,10
BOUNDARY,l,SPACE,cph,1,0,1
BOUNDARY,l,SPACE,cth,1,0,1
BOUNDARY,l,SPACE,d,1,0,15
BOUNDARY,l,SPACE,f,1,0,1
BOUNDARY,l,SPACE,k,1,0,2
BOUNDARY,l,SPACE,o,1,0,1
BOUNDARY,l,SPACE,q,1,0,1
BOUNDARY,l,SPACE,s,1,0,2
BOUNDARY,l,SPACE,sh,1,0,3
BOUNDARY,l,SPACE,y,1,0,2
BOUNDARY,n,SPACE,ch,1,0,11
BOUNDARY,n,SPACE,ckh,1,0,1
BOUNDARY,n,SPACE,cth,1,0,3
BOUNDARY,n,SPACE,d,1,0,6
BOUNDARY,n,SPACE,d,1,1,2
BOUNDARY,n,SPACE,o,1,0,4
BOUNDARY,n,SPACE,o,1,1,1
BOUNDARY,n,SPACE,q,1,0,3
BOUNDARY,n,SPACE,s,1,0,1
BOUNDARY,n,SPACE,s,1,1,1
BOUNDARY,n,SPACE,sh,1,0,8
BOUNDARY,n,SPACE,t,1,0,1
BOUNDARY,n,SPACE,y,1,0,3
BOUNDARY,o,SPACE,ch,1,0,6
BOUNDARY,o,SPACE,d,1,0,2
BOUNDARY,o,SPACE,k,1,0,5
BOUNDARY,o,SPACE,l,1,0,3
BOUNDARY,o,SPACE,l,1,1,1
BOUNDARY,o,SPACE,p,1,0,1
BOUNDARY,o,SPACE,r,1,1,3
BOUNDARY,o,SPACE,sh,1,0,2
BOUNDARY,o,SPACE,t,1,0,1
BOUNDARY,o,SPACE,y,1,0,1
BOUNDARY,r,SPACE,a,1,0,3
BOUNDARY,r,SPACE,ch,1,0,13
BOUNDARY,r,SPACE,ckh,1,0,1
BOUNDARY,r,SPACE,cth,1,0,2
BOUNDARY,r,SPACE,d,1,0,6
BOUNDARY,r,SPACE,l,1,0,1
BOUNDARY,r,SPACE,o,1,0,3
BOUNDARY,r,SPACE,q,1,0,1
BOUNDARY,r,SPACE,s,1,1,1
BOUNDARY,r,SPACE,sh,1,0,5
BOUNDARY,r,SPACE,y,1,0,2
BOUNDARY,s,SPACE,ch,1,0,6
BOUNDARY,s,SPACE,d,1,0,1
BOUNDARY,s,SPACE,o,1,0,1
BOUNDARY,s,SPACE,q,1,0,1
BOUNDARY,s,SPACE,sh,1,0,5
BOUNDARY,sh,SPACE,o,1,0,1
BOUNDARY,y,SPACE,ch,1,0,20
BOUNDARY,y,SPACE,ckh,1,0,1
BOUNDARY,y,SPACE,cph,1,0,1
BOUNDARY,y,SPACE,cth,1,0,4
BOUNDARY,y,SPACE,d,1,0,23
BOUNDARY,y,SPACE,k,1,0,7
BOUNDARY,y,SPACE,o,1,0,4
BOUNDARY,y,SPACE,o,1,1,2
BOUNDARY,y,SPACE,q,1,0,9
BOUNDARY,y,SPACE,s,1,0,2
BOUNDARY,y,SPACE,s,1,1,1
BOUNDARY,y,SPACE,sh,1,0,6
BOUNDARY,y,SPACE,t,1,0,4
BOUNDARY,y,SPACE,y,1,0,4
BOUNDARY,y,SPACE,y,1,1,1
INTERNAL,a,i,i,3,0,1
INTERNAL,a,i,i,4,0,27
INTERNAL,a,i,i,5,0,6
INTERNAL,a,i,i,6,0,8
INTERNAL,a,i,i,7,0,4
INTERNAL,a,i,n,4,1,6
INTERNAL,a,i,n,5,1,2
INTERNAL,a,i,n,6,0,1
INTERNAL,a,i,n,6,1,2
INTERNAL,a,i,r,4,1,2
INTERNAL,a,l,d,4,1,1
INTERNAL,a,l,o,4,0,1
INTERNAL,a,l,s,4,1,1
INTERNAL,a,r,o,4,0,1
INTERNAL,ch,a,i,3,0,2
INTERNAL,ch,a,i,4,0,1
INTERNAL,ch,a,i,5,0,2
INTERNAL,ch,a,l,3,0,1
INTERNAL,ch,a,l,5,1,1
INTERNAL,ch,a,n,3,1,2
INTERNAL,ch,a,r,3,0,1
INTERNAL,ch,ckh,y,3,1,1
INTERNAL,ch,cth,y,3,1,2
INTERNAL,ch,e,a,3,0,1
INTERNAL,ch,e,e,3,0,4
INTERNAL,ch,e,e,4,0,2
INTERNAL,ch,e,e,5,0,1
INTERNAL,ch,e,o,3,0,5
INTERNAL,ch,e,o,3,1,1
INTERNAL,ch,e,o,6,0,1
INTERNAL,ch,e,t,3,0,1
INTERNAL,ch,e,y,3,1,2
INTERNAL,ch,e,y,4,1,3
INTERNAL,ch,e,y,5,1,2
INTERNAL,ch,e,y,6,1,3
INTERNAL,ch,k,a,3,0,1
INTERNAL,ch,k,e,3,0,1
INTERNAL,ch,k,o,3,0,1
INTERNAL,ch,o,a,3,0,1
INTERNAL,ch,o,ch,3,0,2
INTERNAL,ch,o,d,3,0,3
INTERNAL,ch,o,d,4,0,3
INTERNAL,ch,o,d,4,1,1
INTERNAL,ch,o,i,3,0,1
INTERNAL,ch,o,k,3,0,4
INTERNAL,ch,o,l,3,0,2
INTERNAL,ch,o,l,3,1,10
INTERNAL,ch,o,l,4,1,1
INTERNAL,ch,o,l,5,1,2
INTERNAL,ch,o,r,3,0,1
INTERNAL,ch,o,r,3,1,8
INTERNAL,ch,o,r,4,1,4
INTERNAL,ch,o,r,5,1,1
INTERNAL,ch,o,r,6,0,1
INTERNAL,ch,o,r,6,1,1
INTERNAL,ch,o,s,3,0,1
INTERNAL,ch,o,s,4,1,1
INTERNAL,ch,o,t,3,0,4
INTERNAL,ch,t,o,3,0,1
INTERNAL,ch,t,y,3,1,1
INTERNAL,ch,y,k,3,0,1
INTERNAL,ckh,o,l,3,0,1
INTERNAL,ckh,o,r,3,1,1
INTERNAL,cph,e,y,3,1,1
INTERNAL,cth,e,y,3,1,2
INTERNAL,cth,o,l,3,1,2
INTERNAL,cth,o,r,3,1,1
INTERNAL,d,a,i,3,0,28
INTERNAL,d,a,i,4,0,3
INTERNAL,d,a,i,5,0,5
INTERNAL,d,a,i,6,0,4
INTERNAL,d,a,l,3,0,2
INTERNAL,d,a,l,3,1,1
INTERNAL,d,a,n,3,1,4
INTERNAL,d,a,n,5,1,1
INTERNAL,d,ch,e,3,0,2
INTERNAL,d,ch,o,3,0,2
INTERNAL,d,ch,y,3,1,1
INTERNAL,d,e,e,3,0,2
INTERNAL,d,e,o,3,0,1
INTERNAL,d,k,o,3,0,1
INTERNAL,d,l,s,3,1,1
INTERNAL,d,o,d,6,0,1
INTERNAL,d,o,l,3,0,2
INTERNAL,d,o,l,3,1,4
INTERNAL,d,o,r,3,0,1
INTERNAL,d,o,r,3,1,5
INTERNAL,d,sh,o,3,0,1
INTERNAL,d,y,k,3,0,1
INTERNAL,e,a,i,4,0,1
INTERNAL,e,a,r,5,1,1
INTERNAL,e,ch,y,6,1,1
INTERNAL,e,e,a,4,0,1
INTERNAL,e,e,e,4,0,3
INTERNAL,e,e,e,5,0,3
INTERNAL,e,e,e,6,0,2
INTERNAL,e,e,o,4,0,1
INTERNAL,e,e,o,4,1,1
INTERNAL,e,e,o,7,1,1
INTERNAL,e,e,s,4,1,1
INTERNAL,e,e,s,5,1,1
INTERNAL,e,e,s,6,0,1
INTERNAL,e,e,s,6,1,2
INTERNAL,e,e,s,7,1,1
INTERNAL,e,e,y,4,1,7
INTERNAL,e,e,y,5,1,4
INTERNAL,e,e,y,6,1,2
INTERNAL,e,e,y,7,1,1
INTERNAL,e,k,y,4,1,1
INTERNAL,e,o,d,4,0,3
INTERNAL,e,o,d,4,1,1
INTERNAL,e,o,d,5,0,1
INTERNAL,e,o,l,4,1,5
INTERNAL,e,o,r,4,1,1
INTERNAL,e,o,r,7,1,1
INTERNAL,e,o,s,6,1,1
INTERNAL,e,s,e,7,1,1
INTERNAL,e,t,y,4,1,1
INTERNAL,f,ch,o,3,0,1
INTERNAL,f,o,d,3,0,1
INTERNAL,i,i,i,5,0,1
INTERNAL,i,i,l,5,0,1
INTERNAL,i,i,n,4,1,1
INTERNAL,i,i,n,5,0,1
INTERNAL,i,i,n,5,1,22
INTERNAL,i,i,n,6,1,8
INTERNAL,i,i,n,7,1,8
INTERNAL,i,i,n,8,1,4
INTERNAL,i,i,r,5,1,2
INTERNAL,i,i,s,5,0,1
INTERNAL,i,l,d,6,0,1
INTERNAL,i,n,y,6,1,1
INTERNAL,i,n,y,7,1,1
INTERNAL,i,s,o,6,0,1
INTERNAL,i,sh,e,7,1,1
INTERNAL,k,a,i,5,0,1
INTERNAL,k,a,r,4,1,1
INTERNAL,k,ch,e,3,0,1
INTERNAL,k,ch,e,4,0,1
INTERNAL,k,ch,o,3,0,4
INTERNAL,k,ch,o,3,1,2
INTERNAL,k,ch,o,5,1,1
INTERNAL,k,ch,y,3,1,1
INTERNAL,k,ch,y,5,1,4
INTERNAL,k,e,ch,5,0,1
INTERNAL,k,e,e,3,0,2
INTERNAL,k,e,e,4,0,2
INTERNAL,k,e,o,3,0,2
INTERNAL,k,e,o,3,1,1
INTERNAL,k,e,o,5,0,1
INTERNAL,k,e,y,5,1,1
INTERNAL,k,o,d,4,0,1
INTERNAL,k,o,i,5,0,1
INTERNAL,k,o,l,3,1,1
INTERNAL,k,o,l,4,0,1
INTERNAL,k,o,l,4,1,2
INTERNAL,k,o,o,3,0,1
INTERNAL,k,sh,o,3,0,1
INTERNAL,k,sh,o,4,1,1
INTERNAL,k,sh,y,3,1,2
INTERNAL,k,y,d,3,0,2
INTERNAL,l,a,i,5,0,1
INTERNAL,l,d,y,6,1,2
INTERNAL,l,d,y,7,1,1
INTERNAL,l,o,ch,3,0,1
INTERNAL,l,o,d,5,0,1
INTERNAL,l,o,e,3,0,1
INTERNAL,l,o,r,5,1,1
INTERNAL,l,s,a,4,0,1
INTERNAL,l,s,y,5,1,1
INTERNAL,l,sh,e,4,0,1
INTERNAL,l,sh,o,3,0,1
INTERNAL,l,sh,y,3,1,1
INTERNAL,l,y,sh,5,0,1
INTERNAL,o,a,i,3,0,1
INTERNAL,o,a,i,4,0,1
INTERNAL,o,ch,e,4,0,1
INTERNAL,o,ch,o,5,0,1
INTERNAL,o,ch,y,4,1,2
INTERNAL,o,ch,y,6,1,1
INTERNAL,o,d,a,3,0,3
INTERNAL,o,d,a,4,0,4
INTERNAL,o,d,a,5,0,4
INTERNAL,o,d,o,5,0,1
INTERNAL,o,d,y,4,1,2
INTERNAL,o,d,y,5,1,3
INTERNAL,o,d,y,6,1,2
INTERNAL,o,d,y,7,1,1
INTERNAL,o,e,e,3,0,2
INTERNAL,o,e,e,4,0,1
INTERNAL,o,e,e,6,0,1
INTERNAL,o,i,i,4,0,1
INTERNAL,o,i,i,5,0,1
INTERNAL,o,i,sh,6,0,1
INTERNAL,o,k,a,4,0,1
INTERNAL,o,k,ch,3,0,1
INTERNAL,o,k,ch,4,0,4
INTERNAL,o,k,e,4,0,3
INTERNAL,o,k,o,3,0,1
INTERNAL,o,k,o,4,0,1
INTERNAL,o,k,sh,3,0,1
INTERNAL,o,k,y,4,1,1
INTERNAL,o,l,a,4,0,1
INTERNAL,o,l,d,4,1,1
INTERNAL,o,l,d,5,0,2
INTERNAL,o,l,o,4,0,1
INTERNAL,o,l,o,4,1,1
INTERNAL,o,l,o,5,1,1
INTERNAL,o,l,s,3,0,1
INTERNAL,o,l,s,4,0,1
INTERNAL,o,l,sh,3,0,1
INTERNAL,o,l,y,4,0,1
INTERNAL,o,o,i,4,0,1
INTERNAL,o,o,s,4,1,1
INTERNAL,o,p,ch,4,0,2
INTERNAL,o,r,ch,4,0,2
INTERNAL,o,r,y,7,1,1
INTERNAL,o,s,ch,4,0,1
INTERNAL,o,t,a,3,0,2
INTERNAL,o,t,a,4,0,1
INTERNAL,o,t,ch,3,0,5
INTERNAL,o,t,ch,4,0,6
INTERNAL,o,t,e,4,0,2
INTERNAL,o,t,o,3,0,1
INTERNAL,o,t,o,4,0,1
INTERNAL,o,t,sh,3,0,1
INTERNAL,o,t,y,4,1,3
INTERNAL,p,ch,a,4,0,1
INTERNAL,p,ch,e,5,0,1
INTERNAL,p,ch,o,3,0,1
INTERNAL,p,ch,o,4,0,1
INTERNAL,p,ch,y,5,1,1
INTERNAL,p,o,l,3,0,1
INTERNAL,q,k,o,3,1,1
INTERNAL,q,o,k,3,0,6
INTERNAL,q,o,o,3,0,1
INTERNAL,q,o,p,3,0,1
INTERNAL,q,o,s,3,1,1
INTERNAL,q,o,t,3,0,9
INTERNAL,q,o,y,3,1,1
INTERNAL,r,ch,e,5,0,1
INTERNAL,r,ch,o,5,0,1
INTERNAL,r,o,ch,5,0,1
INTERNAL,s,a,i,3,0,3
INTERNAL,s,a,i,5,0,1
INTERNAL,s,a,l,3,1,1
INTERNAL,s,ch,y,5,1,1
INTERNAL,s,o,l,7,1,1
INTERNAL,s,o,r,3,1,1
INTERNAL,sh,a,i,3,0,1
INTERNAL,sh,a,n,3,1,1
INTERNAL,sh,ckh,y,3,1,1
INTERNAL,sh,e,e,3,0,4
INTERNAL,sh,e,e,5,0,1
INTERNAL,sh,e,k,3,0,1
INTERNAL,sh,e,o,3,0,2
INTERNAL,sh,e,y,3,1,3
INTERNAL,sh,o,d,3,0,2
INTERNAL,sh,o,d,4,0,1
INTERNAL,sh,o,l,3,1,6
INTERNAL,sh,o,l,4,0,1
INTERNAL,sh,o,l,4,1,1
INTERNAL,sh,o,l,5,1,1
INTERNAL,sh,o,p,3,0,1
INTERNAL,sh,o,r,3,1,3
INTERNAL,sh,o,y,4,1,1
INTERNAL,sh,t,y,3,1,1
INTERNAL,t,a,i,4,0,2
INTERNAL,t,a,i,5,0,1
INTERNAL,t,ch,a,4,0,2
INTERNAL,t,ch,e,3,0,1
INTERNAL,t,ch,e,4,0,1
INTERNAL,t,ch,e,5,0,2
INTERNAL,t,ch,o,3,0,2
INTERNAL,t,ch,o,4,0,2
INTERNAL,t,ch,o,5,1,1
INTERNAL,t,ch,y,4,1,2
INTERNAL,t,ch,y,5,1,3
INTERNAL,t,e,e,5,0,2
INTERNAL,t,e,y,3,1,1
INTERNAL,t,o,ch,4,0,1
INTERNAL,t,o,d,4,1,1
INTERNAL,t,o,e,5,0,1
INTERNAL,t,o,l,4,0,1
INTERNAL,t,sh,o,3,0,1
INTERNAL,t,sh,o,4,0,1
INTERNAL,y,ch,a,3,0,1
INTERNAL,y,ch,e,3,0,1
INTERNAL,y,d,a,4,0,2
INTERNAL,y,d,y,3,1,1
INTERNAL,y,k,ch,4,0,1
INTERNAL,y,k,e,3,0,1
INTERNAL,y,k,o,3,0,1
INTERNAL,y,k,sh,3,1,1
INTERNAL,y,k,y,3,1,1
INTERNAL,y,k,y,4,1,1
INTERNAL,y,o,r,3,1,1
INTERNAL,y,p,ch,3,0,2
INTERNAL,y,sh,y,6,1,1
INTERNAL,y,t,ch,3,0,2
INTERNAL,y,t,o,3,0,1
RESTART,SPACE,SPACE,ch,1,0,5
RESTART,SPACE,SPACE,d,1,0,7
RESTART,SPACE,SPACE,k,1,0,1
RESTART,SPACE,SPACE,o,1,0,7
RESTART,SPACE,SPACE,q,1,0,5
RESTART,SPACE,SPACE,s,1,0,1
RESTART,SPACE,SPACE,s,1,1,1
RESTART,SPACE,SPACE,sh,1,0,4
RESTART,SPACE,SPACE,y,1,0,1
SECOND,SPACE,a,i,2,0,1
SECOND,SPACE,a,l,2,1,1
SECOND,SPACE,a,n,2,1,1
SECOND,SPACE,ch,a,2,0,6
SECOND,SPACE,ch,ckh,2,0,1
SECOND,SPACE,ch,cth,2,0,2
SECOND,SPACE,ch,e,2,0,14
SECOND,SPACE,ch,k,2,0,3
SECOND,SPACE,ch,o,2,0,37
SECOND,SPACE,ch,o,2,1,2
SECOND,SPACE,ch,r,2,1,1
SECOND,SPACE,ch,t,2,0,2
SECOND,SPACE,ch,y,2,0,1
SECOND,SPACE,ch,y,2,1,4
SECOND,SPACE,ckh,o,2,0,2
SECOND,SPACE,ckh,y,2,1,1
SECOND,SPACE,cph,e,2,0,1
SECOND,SPACE,cph,y,2,1,1
SECOND,SPACE,cth,d,2,1,1
SECOND,SPACE,cth,e,2,0,2
SECOND,SPACE,cth,o,2,0,3
SECOND,SPACE,cth,y,2,1,4
SECOND,SPACE,d,a,2,0,35
SECOND,SPACE,d,ch,2,0,5
SECOND,SPACE,d,e,2,0,3
SECOND,SPACE,d,k,2,0,1
SECOND,SPACE,d,l,2,0,1
SECOND,SPACE,d,o,2,0,12
SECOND,SPACE,d,sh,2,0,1
SECOND,SPACE,d,y,2,0,1
SECOND,SPACE,d,y,2,1,4
SECOND,SPACE,f,ch,2,0,1
SECOND,SPACE,f,o,2,0,1
SECOND,SPACE,k,ch,2,0,8
SECOND,SPACE,k,e,2,0,5
SECOND,SPACE,k,o,2,0,2
SECOND,SPACE,k,sh,2,0,3
SECOND,SPACE,k,y,2,0,2
SECOND,SPACE,k,y,2,1,1
SECOND,SPACE,l,o,2,0,2
SECOND,SPACE,l,sh,2,0,2
SECOND,SPACE,o,a,2,0,1
SECOND,SPACE,o,d,2,0,3
SECOND,SPACE,o,e,2,0,2
SECOND,SPACE,o,k,2,0,3
SECOND,SPACE,o,l,2,0,2
SECOND,SPACE,o,l,2,1,1
SECOND,SPACE,o,t,2,0,9
SECOND,SPACE,p,ch,2,0,1
SECOND,SPACE,p,o,2,0,1
SECOND,SPACE,q,k,2,0,1
SECOND,SPACE,q,o,2,0,19
SECOND,SPACE,s,a,2,0,4
SECOND,SPACE,s,o,2,0,1
SECOND,SPACE,s,o,2,1,1
SECOND,SPACE,sh,a,2,0,2
SECOND,SPACE,sh,ckh,2,0,1
SECOND,SPACE,sh,e,2,0,10
SECOND,SPACE,sh,o,2,0,12
SECOND,SPACE,sh,o,2,1,7
SECOND,SPACE,sh,t,2,0,1
SECOND,SPACE,sh,y,2,1,1
SECOND,SPACE,t,ch,2,0,3
SECOND,SPACE,t,e,2,0,1
SECOND,SPACE,t,sh,2,0,1
SECOND,SPACE,t,y,2,1,1
SECOND,SPACE,y,ch,2,0,2
SECOND,SPACE,y,d,2,0,1
SECOND,SPACE,y,k,2,0,4
SECOND,SPACE,y,o,2,0,1
SECOND,SPACE,y,p,2,0,2
SECOND,SPACE,y,t,2,0,3
START,PARAGRAPH_START,PARAGRAPH_START,f,1,0,1
START,PARAGRAPH_START,PARAGRAPH_START,k,1,0,6
START,PARAGRAPH_START,PARAGRAPH_START,p,1,0,1
