design,model,metric,mean,p2_5,p97_5
exact_length_conditioned_START_END,uni,A2,0.034012121212121216,0.016835016835016835,0.05387205387205387
exact_length_conditioned_START_END,uni,HerbalA_outside_A2,0.059869360269360274,0.037037037037037035,0.08754208754208755
exact_length_conditioned_START_END,uni,VM_outside_HerbalA,0.029816835016835016,0.013468013468013467,0.050505050505050504
exact_length_conditioned_START_END,uni,Unattested,0.8763016835016835,0.8484848484848485,0.9023569023569024
exact_length_conditioned_START_END,uni,HerbalA_total,0.09388148148148148,0.06734006734006734,0.12121212121212122
exact_length_conditioned_START_END,uni,VM_total,0.12369831649831652,0.09764309764309764,0.15151515151515152
exact_length_conditioned_START_END,uni,Outside_A2_total,0.08968619528619529,0.06060606060606061,0.11784511784511785
exact_length_conditioned_START_END,uni,Generated_types,286.4046,281.0,291.0
exact_length_conditioned_START_END,uni,A2_type_rate,0.024535880110280003,0.013793103448275862,0.038461538461538464
exact_length_conditioned_START_END,uni,HerbalA_type_rate,0.07785421116957457,0.05555555555555555,0.10380622837370242
exact_length_conditioned_START_END,uni,VM_type_rate,0.10619672611904366,0.08013937282229965,0.13494809688581316
exact_length_conditioned_START_END,uni,Hapax,277.9596,269.0,286.0
exact_length_conditioned_START_END,bi,A2,0.4865528619528619,0.4377104377104377,0.5353535353535354
exact_length_conditioned_START_END,bi,HerbalA_outside_A2,0.23714882154882153,0.1919191919191919,0.28619528619528617
exact_length_conditioned_START_END,bi,VM_outside_HerbalA,0.04888215488215489,0.026936026936026935,0.07407407407407407
exact_length_conditioned_START_END,bi,Unattested,0.22741616161616163,0.18855218855218855,0.265993265993266
exact_length_conditioned_START_END,bi,HerbalA_total,0.7237016835016835,0.6835016835016835,0.7643097643097643
exact_length_conditioned_START_END,bi,VM_total,0.7725838383838384,0.734006734006734,0.8114478114478114
exact_length_conditioned_START_END,bi,Outside_A2_total,0.28603097643097647,0.2356902356902357,0.3367003367003367
exact_length_conditioned_START_END,bi,Generated_types,186.8122,174.0,200.0
exact_length_conditioned_START_END,bi,A2_type_rate,0.28237711345822847,0.24083769633507854,0.32417953667953664
exact_length_conditioned_START_END,bi,HerbalA_type_rate,0.5739335745161893,0.5193370165745856,0.6271294534763057
exact_length_conditioned_START_END,bi,VM_type_rate,0.6470696384046587,0.5918337157348146,0.7016574585635359
exact_length_conditioned_START_END,bi,Hapax,147.7426,132.0,164.0
exact_length_conditioned_START_END,tri,A2,0.6482148148148148,0.5993265993265994,0.6936026936026936
exact_length_conditioned_START_END,tri,HerbalA_outside_A2,0.19027542087542088,0.14814814814814814,0.2356902356902357
exact_length_conditioned_START_END,tri,VM_outside_HerbalA,0.03772727272727273,0.016835016835016835,0.06060606060606061
exact_length_conditioned_START_END,tri,Unattested,0.12378249158249159,0.09427609427609428,0.15488215488215487
exact_length_conditioned_START_END,tri,HerbalA_total,0.8384902356902356,0.8013468013468014,0.8720538720538721
exact_length_conditioned_START_END,tri,VM_total,0.8762175084175083,0.845117845117845,0.9057239057239058
exact_length_conditioned_START_END,tri,Outside_A2_total,0.22800269360269357,0.18518518518518517,0.27272727272727276
exact_length_conditioned_START_END,tri,Generated_types,171.7054,160.0,184.0
exact_length_conditioned_START_END,tri,A2_type_rate,0.4546329922191149,0.4046242774566474,0.5060259330002937
exact_length_conditioned_START_END,tri,HerbalA_type_rate,0.7333985633211104,0.6802325581395349,0.7853107344632768
exact_length_conditioned_START_END,tri,VM_type_rate,0.7934530267240417,0.7430167597765364,0.8411764705882353
exact_length_conditioned_START_END,tri,Hapax,123.1972,108.0,139.0
free_length_START_END,uni,A2,0.1302148148148148,0.09427609427609428,0.1717171717171717
free_length_START_END,uni,HerbalA_outside_A2,0.1416107744107744,0.10101010101010101,0.18181818181818182
free_length_START_END,uni,VM_outside_HerbalA,0.04822558922558923,0.02356902356902357,0.07407407407407407
free_length_START_END,uni,Unattested,0.6799488215488215,0.6262626262626263,0.7306397306397306
free_length_START_END,uni,HerbalA_total,0.2718255892255892,0.2222222222222222,0.3232323232323232
free_length_START_END,uni,VM_total,0.3200511784511785,0.26936026936026936,0.37373737373737376
free_length_START_END,uni,Outside_A2_total,0.18983636363636364,0.1447811447811448,0.2356902356902357
free_length_START_END,uni,Generated_types,228.3048,214.0,243.0
free_length_START_END,uni,A2_type_rate,0.043216157521992545,0.029166666666666667,0.0593607305936073
free_length_START_END,uni,HerbalA_type_rate,0.12919974166391807,0.1,0.16157530428319236
free_length_START_END,uni,VM_type_rate,0.16791284542781632,0.13247716894977168,0.20642201834862386
free_length_START_END,uni,Hapax,207.2558,189.0,224.0
free_length_START_END,uni,Mean_length,3.987709090909091,3.605976430976431,4.397306397306397
free_length_START_END,uni,SD_length,3.428986630950051,2.9126802624154107,3.9930512908994285
free_length_START_END,uni,One_char_rate,0.2504787878787879,0.20202020202020202,0.2996632996632997
free_length_START_END,uni,Eight_plus_rate,0.13254612794612794,0.09427609427609428,0.1717171717171717
free_length_START_END,bi,A2,0.5276915824915824,0.4713804713804714,0.5824915824915825
free_length_START_END,bi,HerbalA_outside_A2,0.19594410774410775,0.15151515151515152,0.24242424242424243
free_length_START_END,bi,VM_outside_HerbalA,0.03409764309764309,0.016835016835016835,0.05387205387205387
free_length_START_END,bi,Unattested,0.24226666666666669,0.19528619528619529,0.29292929292929293
free_length_START_END,bi,HerbalA_total,0.7236356902356902,0.67003367003367,0.7744107744107743
free_length_START_END,bi,VM_total,0.7577333333333334,0.7070707070707071,0.8047138047138047
free_length_START_END,bi,Outside_A2_total,0.23004175084175085,0.18181818181818182,0.27946127946127947
free_length_START_END,bi,Generated_types,173.5368,158.0,189.0
free_length_START_END,bi,A2_type_rate,0.2837121741722085,0.24043715846994534,0.3291139240506329
free_length_START_END,bi,HerbalA_type_rate,0.5358687311320188,0.4725241016652059,0.5989010989010989
free_length_START_END,bi,VM_type_rate,0.5916822985564553,0.5276039911009236,0.6574659497148934
free_length_START_END,bi,Hapax,136.0144,118.0,154.0
free_length_START_END,bi,Mean_length,3.985482154882155,3.7037037037037037,4.279461279461279
free_length_START_END,bi,SD_length,2.5166948573077814,2.1853792062149724,2.894022343638662
free_length_START_END,bi,One_char_rate,0.11162491582491582,0.07744107744107744,0.14814814814814814
free_length_START_END,bi,Eight_plus_rate,0.09052727272727272,0.06060606060606061,0.12457912457912458
free_length_START_END,tri,A2,0.6565939393939394,0.5993265993265994,0.7104377104377104
free_length_START_END,tri,HerbalA_outside_A2,0.17584781144781145,0.13468013468013468,0.21885521885521886
free_length_START_END,tri,VM_outside_HerbalA,0.034451178451178455,0.016835016835016835,0.05723905723905724
free_length_START_END,tri,Unattested,0.13310707070707073,0.09427609427609428,0.1750841750841751
free_length_START_END,tri,HerbalA_total,0.8324417508417508,0.7878787878787878,0.8754208754208754
free_length_START_END,tri,VM_total,0.8668929292929294,0.8249158249158249,0.9057239057239057
free_length_START_END,tri,Outside_A2_total,0.21029898989898987,0.16498316498316498,0.25925925925925924
free_length_START_END,tri,Generated_types,168.2514,154.0,183.0
free_length_START_END,tri,A2_type_rate,0.452589944103949,0.39779005524861877,0.5065811403508771
free_length_START_END,tri,HerbalA_type_rate,0.715807306618829,0.6534090909090909,0.7764705882352941
free_length_START_END,tri,VM_type_rate,0.7720712121312132,0.7127644880686493,0.8296802054154995
free_length_START_END,tri,Hapax,121.212,103.0,140.0
free_length_START_END,tri,Mean_length,3.985851851851852,3.7777777777777777,4.198653198653199
free_length_START_END,tri,SD_length,1.8113135812340297,1.6178002695981952,2.024687075695294
free_length_START_END,tri,One_char_rate,0.04744309764309764,0.02356902356902357,0.07407407407407407
free_length_START_END,tri,Eight_plus_rate,0.04400942760942761,0.02356902356902357,0.06734006734006734
