budget,metric,mean,p2_5,p97_5
475,word_types,186.352,172.0,202.0
475,hapax_legomena,136.8,119.225,154.775
475,mean_word_length,3.8696700336700336,3.680892255892256,4.056481481481481
475,word_length_sd,1.6750971988890355,1.573427669173056,1.7788799757495597
475,one_character_rate,0.05684848484848484,0.030303030303030304,0.08417508417508418
475,eight_plus_rate,0.011703703703703702,0.003367003367003367,0.026936026936026935
475,bigram_jsd,0.06245301841769526,0.04794770227554042,0.07697526292890781
475,trigram_jsd,0.14439578161069325,0.11658968043887699,0.17343192879482397
475,word_boundary_jsd,0.15903604901844978,0.1253743503611176,0.19373465192645276
475,paragraph_start_gallows,1.0,1.0,1.0
475,neutral_restart_gallows,0.064,0.0,0.15625
475,dead_ends,0.0,0.0,0.0
500,word_types,187.816,173.45,201.0
500,hapax_legomena,137.6,120.0,154.55
500,mean_word_length,3.8923232323232324,3.6925084175084177,4.093518518518518
500,word_length_sd,1.672842680245866,1.5586354643032574,1.7747405734666035
500,one_character_rate,0.05807407407407408,0.03367003367003367,0.08417508417508418
500,eight_plus_rate,0.012228956228956228,0.0007575757575757593,0.026178451178451197
500,bigram_jsd,0.05620646900587242,0.04411207959992353,0.06797476645775224
500,trigram_jsd,0.13774155719779946,0.11538155488859915,0.16392408292677238
500,word_boundary_jsd,0.1489455991616672,0.11722145858759823,0.18861382587791334
500,paragraph_start_gallows,1.0,1.0,1.0
500,neutral_restart_gallows,0.0515,0.0,0.125
500,dead_ends,0.0,0.0,0.0
525,word_types,185.22,171.225,201.55
525,hapax_legomena,133.908,116.0,153.775
525,mean_word_length,3.88420202020202,3.680892255892256,4.108838383838384
525,word_length_sd,1.651310840094487,1.5417876809686712,1.7697496466099674
525,one_character_rate,0.0585993265993266,0.037037037037037035,0.08417508417508418
525,eight_plus_rate,0.01063973063973064,0.0,0.02356902356902357
525,bigram_jsd,0.0524643892889395,0.03982772315791101,0.0663594877965791
525,trigram_jsd,0.12996754315838818,0.10389015999271264,0.15146334351051435
525,word_boundary_jsd,0.1342858348337165,0.10417911126334779,0.16702705229202575
525,paragraph_start_gallows,1.0,1.0,1.0
525,neutral_restart_gallows,0.0435,0.0,0.125
525,dead_ends,0.0,0.0,0.0
550,word_types,190.416,175.675,205.775
550,hapax_legomena,138.528,120.225,157.0
550,mean_word_length,3.9846195286195285,3.8181818181818183,4.167592592592593
550,word_length_sd,1.6443557458889204,1.5319231133537492,1.7674562779232594
550,one_character_rate,0.050074074074074076,0.030303030303030304,0.07407407407407407
550,eight_plus_rate,0.010882154882154882,0.0,0.02356902356902357
550,bigram_jsd,0.04597385810269929,0.035819117970631156,0.05728413840009097
550,trigram_jsd,0.11757188915880804,0.09817932914293123,0.140844612178879
550,word_boundary_jsd,0.13179369284798245,0.10206941293159072,0.16499008940602333
550,paragraph_start_gallows,1.0,1.0,1.0
550,neutral_restart_gallows,0.038125,0.0,0.09375
550,dead_ends,0.0,0.0,0.0
575,word_types,189.532,176.0,203.775
575,hapax_legomena,137.14,119.0,155.0
575,mean_word_length,3.985939393939394,3.803619528619529,4.161616161616162
575,word_length_sd,1.6364941944365932,1.5434189209923093,1.734419950373869
575,one_character_rate,0.048282828282828275,0.02432659932659933,0.07407407407407407
575,eight_plus_rate,0.011380471380471381,0.003367003367003367,0.02356902356902357
575,bigram_jsd,0.041930850365717816,0.03370655125589975,0.05419633654737713
575,trigram_jsd,0.11048709527404954,0.09036588250298913,0.130897963410658
575,word_boundary_jsd,0.12722348691151625,0.09839116356525464,0.16553997874128884
575,paragraph_start_gallows,1.0,1.0,1.0
575,neutral_restart_gallows,0.031,0.0,0.09375
575,dead_ends,0.0,0.0,0.0
600,word_types,188.268,171.225,202.55
600,hapax_legomena,136.1,114.0,156.0
600,mean_word_length,4.021414141414142,3.8051346801346804,4.1945286195286196
600,word_length_sd,1.6240555492885091,1.5275954352652164,1.7227551650259598
600,one_character_rate,0.04568350168350169,0.02356902356902357,0.06734006734006734
600,eight_plus_rate,0.012067340067340065,0.003367003367003367,0.026936026936026935
600,bigram_jsd,0.039143525449765904,0.02932006420565242,0.05102801963825588
600,trigram_jsd,0.10669900869933382,0.08744309805981666,0.12933731687394912
600,word_boundary_jsd,0.11394619119061193,0.08778370186358284,0.14414489565240746
600,paragraph_start_gallows,1.0,1.0,1.0
600,neutral_restart_gallows,0.029375,0.0,0.09375
600,dead_ends,0.0,0.0,0.0
625,word_types,187.132,174.0,202.0
625,hapax_legomena,135.236,117.0,150.775
625,mean_word_length,4.021616161616162,3.8526094276094276,4.191161616161616
625,word_length_sd,1.605624762393924,1.5001691689311807,1.704243767617589
625,one_character_rate,0.04181818181818182,0.017592592592592594,0.06397306397306397
625,eight_plus_rate,0.012121212121212121,0.0,0.026178451178451197
625,bigram_jsd,0.03700188888148132,0.0282162748614155,0.047613143111853586
625,trigram_jsd,0.10330342234929613,0.08608540358337237,0.12438165724870957
625,word_boundary_jsd,0.10866739281502527,0.08374347433012579,0.13985296799171407
625,paragraph_start_gallows,1.0,1.0,1.0
625,neutral_restart_gallows,0.025375,0.0,0.09375
625,dead_ends,0.0,0.0,0.0
650,word_types,185.484,170.0,199.0
650,hapax_legomena,133.692,117.225,152.0
650,mean_word_length,4.010424242424243,3.8346801346801347,4.18030303030303
650,word_length_sd,1.5994170576828888,1.4908327979900604,1.7085932547032159
650,one_character_rate,0.04094276094276094,0.017592592592592594,0.06397306397306397
650,eight_plus_rate,0.012094276094276093,0.0,0.026936026936026935
650,bigram_jsd,0.03844075352140621,0.030872250706149865,0.04929158108782803
650,trigram_jsd,0.10505548740481555,0.08649997931228072,0.1259857567903262
650,word_boundary_jsd,0.1060729047481478,0.07922868904522688,0.13389196048924853
650,paragraph_start_gallows,1.0,1.0,1.0
650,neutral_restart_gallows,0.024375,0.0,0.09375
650,dead_ends,0.0,0.0,0.0
